pango_lineage	nextstrain_clade
A	19B
A.1	19B
A.11	19B
A.12	19B
A.15	19B
A.16	19B
A.17	19B
A.18	19B
A.19	19B
A.2	19B
A.2.2	19B
A.2.3	19B
A.2.4	19B
A.2.5	19B
A.2.5.1	19B
A.2.5.2	19B
A.2.5.3	19B
A.21	19B
A.22	19B
A.23	19B
A.23.1	19B
A.24	19B
A.25	19B
A.26	19B
A.27	19B
A.28	19B
A.29	19B
A.3	19B
A.30	19B
A.4	19B
A.5	19B
A.6	19B
A.7	19B
A.9	19B
AA.1	20E
AA.2	20E
AA.3	20E
AA.4	20E
AA.5	20E
AA.6	20E
AA.7	20E
AA.8	20E
AB.1	20A
AC.1	20B
AD.1	20B
AD.2	20B
AD.2.1	20B
AE.1	20B
AE.2	20B
AE.3	20B
AE.4	20B
AE.5	20B
AE.6	20B
AE.7	20B
AE.8	20B
AF.1	20B
AG.1	20B
AH.1	20B
AH.2	20B
AH.3	20B
AJ.1	20B
AK.1	20B
AK.2	20B
AL.1	20B
AM.1	20B
AM.2	20B
AM.3	20B
AM.4	20B
AN.1	20B
AP.1	20B
AQ.1	20B
AQ.2	20B
AS.1	20B
AS.2	20B
AT.1	20B
AU.1	20A
AU.2	20A
AU.3	20A
AV.1	20B
AW.1	20B
AY.1	21J
AY.10	21I
AY.100	21J
AY.101	21J
AY.102	21J
AY.102.1	21J
AY.102.2	21J
AY.103	21J
AY.103.1	21J
AY.103.2	21J
AY.104	21J
AY.105	21J
AY.106	21J
AY.107	21J
AY.108	21J
AY.109	21J
AY.11	21I
AY.110	21J
AY.111	21J
AY.112	21J
AY.112.1	21J
AY.112.2	21J
AY.112.3	21J
AY.113	21J
AY.114	21J
AY.116	21J
AY.116.1	21J
AY.117	21J
AY.118	21J
AY.119	21J
AY.119.1	21J
AY.119.2	21J
AY.120	21J
AY.120.1	21J
AY.120.2	21J
AY.120.2.1	21J
AY.121	21J
AY.121.1	21J
AY.122	21J
AY.122.1	21J
AY.122.2	21J
AY.122.3	21J
AY.122.4	21J
AY.122.5	21J
AY.122.6	21J
AY.123	21J
AY.123.1	21J
AY.124	21J
AY.124.1	21J
AY.124.1.1	21J
AY.125	21J
AY.125.1	21J
AY.126	21J
AY.127	21J
AY.127.1	21J
AY.127.2	21J
AY.127.3	21J
AY.128	21J
AY.129	21J
AY.13	21A
AY.131	21J
AY.132	21J
AY.133	21I
AY.134	21J
AY.14	21A
AY.15	21A
AY.16	21A
AY.16.1	21A
AY.17	21A
AY.18	21A
AY.19	21A
AY.2	21I
AY.20	21J
AY.20.1	21J
AY.21	21J
AY.22	21J
AY.23	21J
AY.23.1	21J
AY.23.2	21J
AY.24	21I
AY.24.1	21I
AY.25	21J
AY.25.1	21J
AY.25.1.1	21J
AY.25.1.2	21J
AY.25.2	21J
AY.25.3	21J
AY.26	21I
AY.26.1	21I
AY.27	21I
AY.28	21I
AY.29	21J
AY.29.1	21J
AY.29.2	21J
AY.3	21J
AY.3.1	21J
AY.3.2	21J
AY.3.3	21J
AY.3.4	21J
AY.30	21A
AY.31	21A
AY.32	21J
AY.33	21J
AY.33.1	21J
AY.33.2	21J
AY.34	21J
AY.34.1	21J
AY.34.1.1	21J
AY.34.2	21J
AY.35	21A
AY.36	21J
AY.36.1	21J
AY.37	21I
AY.38	21I
AY.39	21J
AY.39.1	21J
AY.39.1.1	21J
AY.39.1.2	21J
AY.39.1.3	21J
AY.39.1.4	21J
AY.39.2	21J
AY.39.3	21J
AY.4	21J
AY.4.1	21J
AY.4.10	21J
AY.4.11	21J
AY.4.12	21J
AY.4.13	21J
AY.4.14	21J
AY.4.15	21J
AY.4.16	21J
AY.4.17	21J
AY.4.2	21J
AY.4.2.1	21J
AY.4.2.2	21J
AY.4.2.3	21J
AY.4.2.4	21J
AY.4.2.5	21J
AY.4.3	21J
AY.4.4	21J
AY.4.5	21J
AY.4.6	21J
AY.4.7	21J
AY.4.8	21J
AY.4.9	21J
AY.40	21A
AY.41	21J
AY.42	21J
AY.42.1	21J
AY.43	21J
AY.43.1	21J
AY.43.2	21J
AY.43.3	21J
AY.43.4	21J
AY.43.5	21J
AY.43.6	21J
AY.43.7	21J
AY.43.8	21J
AY.43.9	21J
AY.44	21J
AY.45	21J
AY.46	21J
AY.46.1	21J
AY.46.2	21J
AY.46.3	21J
AY.46.4	21J
AY.46.5	21J
AY.46.6	21J
AY.46.6.1	21J
AY.47	21I
AY.48	21A
AY.49	21A
AY.5	21J
AY.5.1	21J
AY.5.2	21J
AY.5.3	21J
AY.5.4	21J
AY.5.5	21J
AY.5.6	21J
AY.5.7	21J
AY.50	21A
AY.51	21A
AY.52	21A
AY.53	21A
AY.54	21A
AY.55	21I
AY.56	21I
AY.57	21I
AY.58	21I
AY.59	21I
AY.6	21J
AY.60	21I
AY.61	21I
AY.62	21I
AY.63	21I
AY.64	21I
AY.65	21I
AY.66	21I
AY.67	21I
AY.68	21I
AY.69	21I
AY.7	21J
AY.7.1	21J
AY.7.2	21J
AY.70	21I
AY.71	21I
AY.72	21I
AY.73	21I
AY.74	21I
AY.75	21I
AY.75.2	21I
AY.75.3	21I
AY.76	21J
AY.77	21J
AY.78	21J
AY.79	21J
AY.8	21A
AY.80	21J
AY.81	21J
AY.82	21J
AY.83	21J
AY.84	21J
AY.85	21J
AY.86	21J
AY.87	21J
AY.88	21J
AY.9	21I
AY.9.2	21I
AY.9.2.1	21I
AY.9.2.2	21I
AY.90	21J
AY.91	21J
AY.91.1	21J
AY.92	21J
AY.93	21J
AY.94	21J
AY.95	21J
AY.98	21J
AY.98.1	21J
AY.98.1.1	21J
AY.99	21J
AY.99.1	21J
AY.99.2	21J
AZ.1	20B
AZ.2	20B
AZ.2.1	20B
AZ.3	20B
AZ.4	20B
AZ.5	20B
AZ.6	20B
B	19A
B.1	20A
B.1.1	20B
B.1.1.1	20D
B.1.1.10	20B
B.1.1.100	20B
B.1.1.101	20B
B.1.1.107	20B
B.1.1.109	20B
B.1.1.110	20B
B.1.1.111	20B
B.1.1.112	20B
B.1.1.113	20B
B.1.1.114	20B
B.1.1.115	20B
B.1.1.116	20B
B.1.1.117	20B
B.1.1.118	20B
B.1.1.119	20B
B.1.1.12	20B
B.1.1.120	20B
B.1.1.121	20B
B.1.1.122	20B
B.1.1.123	20B
B.1.1.125	20B
B.1.1.127	20B
B.1.1.128	20B
B.1.1.129	20B
B.1.1.13	20B
B.1.1.130	20B
B.1.1.132	20B
B.1.1.133	20B
B.1.1.134	20B
B.1.1.135	20B
B.1.1.136	20B
B.1.1.137	20B
B.1.1.138	20B
B.1.1.139	20B
B.1.1.14	20B
B.1.1.141	20B
B.1.1.142	20B
B.1.1.144	20B
B.1.1.145	20B
B.1.1.147	20B
B.1.1.148	20B
B.1.1.149	20B
B.1.1.15	20B
B.1.1.152	20B
B.1.1.153	20B
B.1.1.154	20B
B.1.1.155	20B
B.1.1.157	20B
B.1.1.158	20B
B.1.1.159	20B
B.1.1.16	20B
B.1.1.160	20B
B.1.1.161	20B
B.1.1.162	20B
B.1.1.163	20B
B.1.1.164	20B
B.1.1.165	20B
B.1.1.166	20B
B.1.1.168	20B
B.1.1.169	20B
B.1.1.17	20B
B.1.1.170	20B
B.1.1.171	20B
B.1.1.172	20B
B.1.1.174	20B
B.1.1.175	20B
B.1.1.176	20B
B.1.1.177	20B
B.1.1.178	20B
B.1.1.180	20B
B.1.1.181	20B
B.1.1.182	20B
B.1.1.184	20B
B.1.1.185	20B
B.1.1.186	20B
B.1.1.187	20B
B.1.1.189	20B
B.1.1.190	20B
B.1.1.191	20B
B.1.1.192	20B
B.1.1.193	20B
B.1.1.194	20B
B.1.1.196	20B
B.1.1.197	20B
B.1.1.198	20B
B.1.1.200	20B
B.1.1.201	20B
B.1.1.202	20B
B.1.1.203	20B
B.1.1.204	20B
B.1.1.205	20B
B.1.1.207	20B
B.1.1.208	20B
B.1.1.209	20B
B.1.1.210	20B
B.1.1.213	20B
B.1.1.214	20B
B.1.1.216	20B
B.1.1.217	20B
B.1.1.218	20B
B.1.1.219	20B
B.1.1.220	20B
B.1.1.221	20B
B.1.1.222	20B
B.1.1.224	20B
B.1.1.225	20B
B.1.1.226	20B
B.1.1.227	20B
B.1.1.228	20B
B.1.1.229	20B
B.1.1.230	20B
B.1.1.231	20B
B.1.1.232	20B
B.1.1.234	20B
B.1.1.236	20B
B.1.1.237	20B
B.1.1.239	20B
B.1.1.240	20B
B.1.1.241	20B
B.1.1.242	20B
B.1.1.243	20B
B.1.1.244	20B
B.1.1.249	20B
B.1.1.25	20B
B.1.1.251	20B
B.1.1.253	20B
B.1.1.254	20B
B.1.1.255	20B
B.1.1.256	20B
B.1.1.257	20B
B.1.1.258	20B
B.1.1.26	20B
B.1.1.261	20B
B.1.1.262	20B
B.1.1.263	20B
B.1.1.265	20B
B.1.1.266	20B
B.1.1.267	20B
B.1.1.268	20B
B.1.1.269	20B
B.1.1.27	20B
B.1.1.270	20B
B.1.1.271	20B
B.1.1.272	20B
B.1.1.273	20B
B.1.1.274	20B
B.1.1.275	20B
B.1.1.277	20B
B.1.1.279	20B
B.1.1.28	20B
B.1.1.280	20B
B.1.1.282	20B
B.1.1.283	20B
B.1.1.284	20B
B.1.1.285	20B
B.1.1.286	20B
B.1.1.288	20B
B.1.1.289	20B
B.1.1.29	20B
B.1.1.290	20B
B.1.1.291	20B
B.1.1.294	20B
B.1.1.296	20B
B.1.1.297	20B
B.1.1.298	20B
B.1.1.299	20B
B.1.1.3	20B
B.1.1.30	20B
B.1.1.300	20B
B.1.1.301	20B
B.1.1.302	20B
B.1.1.303	20B
B.1.1.304	20B
B.1.1.305	20B
B.1.1.306	20B
B.1.1.307	20B
B.1.1.308	20B
B.1.1.309	20B
B.1.1.31	20B
B.1.1.310	20B
B.1.1.311	20B
B.1.1.312	20B
B.1.1.315	20B
B.1.1.316	20B
B.1.1.317	20B
B.1.1.318	20B
B.1.1.319	20B
B.1.1.320	20B
B.1.1.322	20B
B.1.1.323	20B
B.1.1.324	20B
B.1.1.325	20B
B.1.1.326	20B
B.1.1.327	20B
B.1.1.328	20B
B.1.1.329	20B
B.1.1.33	20B
B.1.1.330	20B
B.1.1.331	20B
B.1.1.332	20B
B.1.1.333	20B
B.1.1.334	20A
B.1.1.335	20C
B.1.1.336	20B
B.1.1.337	20B
B.1.1.338	20B
B.1.1.339	20B
B.1.1.34	20B
B.1.1.340	20B
B.1.1.341	20B
B.1.1.342	20B
B.1.1.343	20B
B.1.1.344	20B
B.1.1.345	20B
B.1.1.346	20B
B.1.1.347	20B
B.1.1.348	20B
B.1.1.349	20B
B.1.1.350	20B
B.1.1.351	20B
B.1.1.352	20B
B.1.1.353	20B
B.1.1.354	20B
B.1.1.355	20B
B.1.1.356	20B
B.1.1.357	20B
B.1.1.358	20B
B.1.1.359	20B
B.1.1.360	20B
B.1.1.361	20B
B.1.1.362	20B
B.1.1.363	20B
B.1.1.364	20B
B.1.1.365	20B
B.1.1.366	20B
B.1.1.367	20B
B.1.1.368	20B
B.1.1.369	20B
B.1.1.37	20B
B.1.1.370	20B
B.1.1.371	20B
B.1.1.372	20B
B.1.1.373	20B
B.1.1.374	20B
B.1.1.375	20B
B.1.1.376	20B
B.1.1.377	20B
B.1.1.378	20B
B.1.1.379	20B
B.1.1.38	20B
B.1.1.380	20B
B.1.1.381	20B
B.1.1.382	20B
B.1.1.383	20B
B.1.1.384	20B
B.1.1.385	20B
B.1.1.386	20B
B.1.1.387	20B
B.1.1.388	20B
B.1.1.389	20B
B.1.1.39	20B
B.1.1.391	20B
B.1.1.392	20B
B.1.1.393	20B
B.1.1.394	20B
B.1.1.395	20B
B.1.1.396	20B
B.1.1.397	20B
B.1.1.398	20B
B.1.1.399	20B
B.1.1.4	20B
B.1.1.40	20B
B.1.1.400	20B
B.1.1.401	20B
B.1.1.402	20B
B.1.1.403	20B
B.1.1.404	20B
B.1.1.405	20B
B.1.1.406	20B
B.1.1.407	20B
B.1.1.408	20B
B.1.1.409	20B
B.1.1.41	20B
B.1.1.410	20B
B.1.1.411	20B
B.1.1.412	20B
B.1.1.413	20B
B.1.1.414	20B
B.1.1.415	20B
B.1.1.416	20B
B.1.1.417	20B
B.1.1.418	20B
B.1.1.419	20B
B.1.1.420	20B
B.1.1.421	20B
B.1.1.422	20B
B.1.1.423	20B
B.1.1.424	20B
B.1.1.425	20B
B.1.1.426	20B
B.1.1.427	20B
B.1.1.428	20B
B.1.1.429	20B
B.1.1.43	20B
B.1.1.430	20B
B.1.1.431	20B
B.1.1.432	20B
B.1.1.433	20B
B.1.1.434	20B
B.1.1.435	20B
B.1.1.436	20B
B.1.1.437	20B
B.1.1.438	20B
B.1.1.44	20B
B.1.1.440	20B
B.1.1.441	20B
B.1.1.442	20B
B.1.1.444	20B
B.1.1.445	20A
B.1.1.446	20B
B.1.1.447	20B
B.1.1.448	20B
B.1.1.449	20B
B.1.1.45	20B
B.1.1.450	20B
B.1.1.451	20B
B.1.1.452	20B
B.1.1.453	20B
B.1.1.456	20B
B.1.1.458	20B
B.1.1.459	20B
B.1.1.46	20B
B.1.1.461	20B
B.1.1.462	20B
B.1.1.463	20B
B.1.1.464	20B
B.1.1.465	20B
B.1.1.466	20B
B.1.1.467	20B
B.1.1.47	20B
B.1.1.48	20B
B.1.1.480	20B
B.1.1.481	20B
B.1.1.482	20B
B.1.1.483	20B
B.1.1.484	20B
B.1.1.485	20B
B.1.1.486	20B
B.1.1.487	20B
B.1.1.49	20B
B.1.1.5	20B
B.1.1.50	20B
B.1.1.500	20B
B.1.1.506	20B
B.1.1.507	20B
B.1.1.51	20B
B.1.1.512	20B
B.1.1.513	20B
B.1.1.514	20B
B.1.1.515	20B
B.1.1.516	20B
B.1.1.517	20B
B.1.1.518	20B
B.1.1.519	20B
B.1.1.52	20B
B.1.1.521	20B
B.1.1.522	20B
B.1.1.523	20B
B.1.1.524	20B
B.1.1.525	20B
B.1.1.526	20B
B.1.1.528	20B
B.1.1.53	20B
B.1.1.54	20B
B.1.1.55	20B
B.1.1.56	20B
B.1.1.57	20B
B.1.1.58	20B
B.1.1.59	20B
B.1.1.61	20B
B.1.1.62	20B
B.1.1.63	20B
B.1.1.67	20B
B.1.1.7	20I
B.1.1.70	20B
B.1.1.71	20B
B.1.1.72	20B
B.1.1.74	20B
B.1.1.75	20B
B.1.1.77	20B
B.1.1.8	20B
B.1.1.82	20B
B.1.1.83	20B
B.1.1.84	20B
B.1.1.86	20B
B.1.1.87	20B
B.1.1.88	20B
B.1.1.89	20B
B.1.1.90	20B
B.1.1.91	20B
B.1.1.92	20B
B.1.1.93	20B
B.1.1.95	20B
B.1.1.97	20B
B.1.1.98	20B
B.1.1.99	20B
B.1.103	20A
B.1.104	20A
B.1.105	20A
B.1.106	20A
B.1.108	20C
B.1.110	20A
B.1.110.1	20A
B.1.110.2	20A
B.1.110.3	20A
B.1.111	20A
B.1.112	20A
B.1.113	20A
B.1.115	20C
B.1.116	20C
B.1.117	20C
B.1.118	20C
B.1.119	20C
B.1.12	20C
B.1.120	20C
B.1.124	20A
B.1.126	20A
B.1.127	20A
B.1.128	20A
B.1.13	20A
B.1.131	20A
B.1.134	20A
B.1.137	20A
B.1.139	20A
B.1.14	19A
B.1.140	20A
B.1.142	20A
B.1.143	20A
B.1.145	20A
B.1.146	20A
B.1.147	20A
B.1.149	20A
B.1.151	20A
B.1.153	20A
B.1.157	20A
B.1.158	20A
B.1.159	20A
B.1.160	20A
B.1.160.10	20A
B.1.160.11	20A
B.1.160.12	20A
B.1.160.13	20A
B.1.160.14	20A
B.1.160.15	20A
B.1.160.16	20A
B.1.160.17	20A
B.1.160.18	20A
B.1.160.19	20A
B.1.160.20	20A
B.1.160.21	20A
B.1.160.22	20A
B.1.160.23	20A
B.1.160.24	20A
B.1.160.25	20A
B.1.160.26	20A
B.1.160.27	20A
B.1.160.28	20A
B.1.160.29	20A
B.1.160.30	20A
B.1.160.31	20A
B.1.160.32	20A
B.1.160.33	20A
B.1.160.7	20A
B.1.160.8	20A
B.1.160.9	20A
B.1.161	20A
B.1.162	20A
B.1.163	20A
B.1.164	20A
B.1.165	20C
B.1.166	20C
B.1.167	20C
B.1.168	20C
B.1.169	20A
B.1.170	20A
B.1.173	20B
B.1.177	20E
B.1.177.10	20E
B.1.177.11	20E
B.1.177.12	20E
B.1.177.14	20E
B.1.177.15	20E
B.1.177.16	20E
B.1.177.17	20E
B.1.177.18	20E
B.1.177.19	20E
B.1.177.2	20E
B.1.177.20	20E
B.1.177.21	20E
B.1.177.23	20E
B.1.177.24	20E
B.1.177.25	20E
B.1.177.26	20E
B.1.177.27	20E
B.1.177.28	20E
B.1.177.29	20E
B.1.177.3	20E
B.1.177.30	20E
B.1.177.31	20E
B.1.177.32	20E
B.1.177.33	20E
B.1.177.34	20E
B.1.177.35	20E
B.1.177.36	20E
B.1.177.37	20E
B.1.177.38	20E
B.1.177.39	20E
B.1.177.4	20E
B.1.177.40	20E
B.1.177.41	20E
B.1.177.42	20E
B.1.177.43	20E
B.1.177.44	20E
B.1.177.45	20E
B.1.177.46	20E
B.1.177.47	20E
B.1.177.48	20E
B.1.177.49	20E
B.1.177.5	20E
B.1.177.50	20E
B.1.177.51	20E
B.1.177.52	20E
B.1.177.53	20E
B.1.177.54	20E
B.1.177.55	20E
B.1.177.56	20E
B.1.177.57	20E
B.1.177.58	20E
B.1.177.59	20E
B.1.177.6	20E
B.1.177.60	20E
B.1.177.61	20E
B.1.177.62	20E
B.1.177.63	20E
B.1.177.64	20E
B.1.177.65	20E
B.1.177.66	20E
B.1.177.67	20E
B.1.177.68	20E
B.1.177.69	20E
B.1.177.7	20E
B.1.177.70	20E
B.1.177.71	20E
B.1.177.72	20E
B.1.177.73	20E
B.1.177.74	20E
B.1.177.75	20E
B.1.177.76	20E
B.1.177.77	20E
B.1.177.78	20E
B.1.177.8	20E
B.1.177.80	20E
B.1.177.81	20E
B.1.177.82	20E
B.1.177.83	20E
B.1.177.84	20E
B.1.177.85	20E
B.1.177.86	20E
B.1.177.87	20E
B.1.177.88	20E
B.1.177.89	20E
B.1.177.9	20E
B.1.178	20A
B.1.179	20A
B.1.180	20A
B.1.181	20A
B.1.182	20A
B.1.184	20A
B.1.187	20A
B.1.188	20A
B.1.189	20A
B.1.190	20A
B.1.192	20A
B.1.194	20A
B.1.195	20A
B.1.198	20A
B.1.199	20A
B.1.2	20G
B.1.201	20A
B.1.203	20A
B.1.205	20A
B.1.206	20A
B.1.208	20A
B.1.210	20A
B.1.211	20A
B.1.212	20A
B.1.213	20A
B.1.214	20A
B.1.214.1	20A
B.1.214.2	20A
B.1.214.3	20A
B.1.214.4	20A
B.1.215	20A
B.1.218	20A
B.1.219	20A
B.1.22	20A
B.1.22.1	20A
B.1.220	20A
B.1.221	20A
B.1.221.1	20A
B.1.221.2	20A
B.1.221.3	20A
B.1.221.4	20A
B.1.222	20A
B.1.223	20A
B.1.224	20A
B.1.225	20A
B.1.227	20A
B.1.229	20A
B.1.23	20A
B.1.231	20A
B.1.232	20A
B.1.233	20A
B.1.234	20A
B.1.235	20A
B.1.236	20A
B.1.237	20A
B.1.238	20A
B.1.239	20A
B.1.240	20A
B.1.240.1	20A
B.1.240.2	20A
B.1.241	20A
B.1.242	20A
B.1.243	20A
B.1.243.1	20A
B.1.243.2	20A
B.1.245	20A
B.1.247	20A
B.1.248	20A
B.1.249	20A
B.1.250	20A
B.1.251	20A
B.1.252	20A
B.1.254	20A
B.1.256	20A
B.1.258	20A
B.1.258.10	20A
B.1.258.11	20A
B.1.258.12	20A
B.1.258.14	20A
B.1.258.15	20A
B.1.258.16	20A
B.1.258.17	20A
B.1.258.18	20A
B.1.258.19	20A
B.1.258.2	20A
B.1.258.20	20A
B.1.258.21	20A
B.1.258.22	20A
B.1.258.23	20A
B.1.258.24	20A
B.1.258.3	20A
B.1.258.4	20A
B.1.258.5	20A
B.1.258.6	20A
B.1.258.7	20A
B.1.258.9	20A
B.1.260	20A
B.1.263	20C
B.1.264	20C
B.1.264.1	20C
B.1.265	20C
B.1.267	20C
B.1.268	20C
B.1.270	20A
B.1.273	20A
B.1.274	20A
B.1.276	20A
B.1.277	20A
B.1.279	20A
B.1.280	20A
B.1.281	20A
B.1.282	20A
B.1.284	20C
B.1.285	20A
B.1.287	20C
B.1.289	20C
B.1.291	20C
B.1.292	20C
B.1.293	20C
B.1.294	20C
B.1.298	20C
B.1.3	20C
B.1.301	20C
B.1.302	20C
B.1.304	20C
B.1.305	20C
B.1.306	20C
B.1.308	20C
B.1.309	20C
B.1.310	20C
B.1.311	20C
B.1.313	20C
B.1.314	20C
B.1.315	20C
B.1.316	20C
B.1.318	20C
B.1.319	20C
B.1.320	20C
B.1.321	20C
B.1.323	20C
B.1.324	20C
B.1.325	20C
B.1.326	20C
B.1.328	20C
B.1.329	20C
B.1.330	20C
B.1.332	20C
B.1.333	20C
B.1.334	20C
B.1.335	20C
B.1.336	20C
B.1.337	20C
B.1.338	20C
B.1.340	20C
B.1.341	20C
B.1.342	20C
B.1.343	20C
B.1.344	20C
B.1.346	20C
B.1.348	20C
B.1.349	20C
B.1.35	20A
B.1.350	20C
B.1.350.1	20C
B.1.351	20H
B.1.351.1	20H
B.1.351.2	20H
B.1.351.3	20H
B.1.351.5	20H
B.1.354	20C
B.1.355	20C
B.1.356	20C
B.1.357	20C
B.1.358	20C
B.1.359	20C
B.1.36	20A
B.1.36.1	20A
B.1.36.10	20A
B.1.36.12	20A
B.1.36.16	20A
B.1.36.17	20A
B.1.36.18	20A
B.1.36.19	20A
B.1.36.2	20A
B.1.36.20	20A
B.1.36.21	20A
B.1.36.22	20A
B.1.36.23	20A
B.1.36.24	20A
B.1.36.25	20A
B.1.36.26	20A
B.1.36.27	20A
B.1.36.28	20A
B.1.36.29	20A
B.1.36.31	20A
B.1.36.33	20A
B.1.36.34	20A
B.1.36.35	20A
B.1.36.36	20A
B.1.36.37	20A
B.1.36.38	20A
B.1.36.39	20A
B.1.36.7	20A
B.1.36.8	20A
B.1.36.9	20A
B.1.360	20C
B.1.361	20C
B.1.362	20C
B.1.362.1	20C
B.1.362.2	20C
B.1.363	20C
B.1.366	20C
B.1.367	20C
B.1.369	20C
B.1.369.1	20C
B.1.37	20A
B.1.370	20C
B.1.371	20C
B.1.372	20C
B.1.375	20C
B.1.377	20A
B.1.378	20A
B.1.379	20A
B.1.38	20C
B.1.380	20A
B.1.381	20A
B.1.382	20A
B.1.383	20A
B.1.384	20A
B.1.385	20A
B.1.387	20A
B.1.388	20A
B.1.389	20A
B.1.39	20C
B.1.390	20A
B.1.391	20A
B.1.393	20A
B.1.395	20A
B.1.396	20A
B.1.397	20A
B.1.398	20A
B.1.399	20A
B.1.40	20C
B.1.400	20A
B.1.400.1	20A
B.1.401	20A
B.1.402	20A
B.1.403	20A
B.1.404	20A
B.1.405	20A
B.1.406	20A
B.1.407	20A
B.1.408	20A
B.1.409	20A
B.1.411	20A
B.1.413	20C
B.1.415	20A
B.1.415.1	20A
B.1.416	20A
B.1.416.1	20A
B.1.417	20A
B.1.418	20A
B.1.420	20A
B.1.421	20A
B.1.422	20C
B.1.423	20C
B.1.424	20C
B.1.425	20C
B.1.426	20C
B.1.427	21C
B.1.428	20C
B.1.428.1	20C
B.1.428.2	20C
B.1.428.3	20C
B.1.429	21C
B.1.429.1	21C
B.1.431	20C
B.1.432	20C
B.1.433	20C
B.1.434	20C
B.1.435	20C
B.1.436	20A
B.1.437	20C
B.1.438	20A
B.1.438.1	20A
B.1.438.2	20A
B.1.438.3	20A
B.1.438.4	20A
B.1.439	20A
B.1.44	20C
B.1.441	20A
B.1.442	20A
B.1.443	20A
B.1.444	20C
B.1.445	20C
B.1.446	20C
B.1.448	20C
B.1.450	20C
B.1.451	20C
B.1.452	20C
B.1.453	20C
B.1.456	20A
B.1.458	20A
B.1.459	20A
B.1.460	20A
B.1.462	20A
B.1.463	20A
B.1.465	20A
B.1.466	20A
B.1.466.1	20A
B.1.466.2	20A
B.1.467	20A
B.1.468	20A
B.1.469	20A
B.1.470	20A
B.1.471	20A
B.1.473	20A
B.1.474	20A
B.1.475	20A
B.1.476	20A
B.1.478	20A
B.1.479	20A
B.1.480	20A
B.1.482	20A
B.1.483	20A
B.1.485	20C
B.1.486	20C
B.1.487	20C
B.1.488	20C
B.1.489	20C
B.1.490	20C
B.1.491	20C
B.1.492	20C
B.1.493	20C
B.1.494	20C
B.1.495	20C
B.1.496	20C
B.1.497	20C
B.1.498	20C
B.1.499	20C
B.1.499.1	20C
B.1.500	20C
B.1.501	20C
B.1.502	20C
B.1.503	20C
B.1.504	20C
B.1.505	20C
B.1.506	20C
B.1.507	20C
B.1.508	20C
B.1.509	20C
B.1.510	20C
B.1.511	20C
B.1.513	20C
B.1.515	20C
B.1.516	20C
B.1.517	20C
B.1.517.1	20C
B.1.518	20C
B.1.520	20C
B.1.521	20C
B.1.523	20A
B.1.524	20A
B.1.525	21D
B.1.526	21F
B.1.527	20A
B.1.528	20A
B.1.529	20A
B.1.530	20A
B.1.531	20B
B.1.532	20B
B.1.533	20B
B.1.534	20B
B.1.535	20A
B.1.536	20A
B.1.537	20A
B.1.538	20A
B.1.539	20A
B.1.540	20A
B.1.541	20C
B.1.542	20A
B.1.543	20A
B.1.544	20A
B.1.545	20A
B.1.546	20A
B.1.547	20A
B.1.548	20A
B.1.549	20A
B.1.550	20A
B.1.551	20A
B.1.552	20A
B.1.554	20A
B.1.555	20A
B.1.556	20A
B.1.557	20A
B.1.558	20A
B.1.559	20A
B.1.560	20A
B.1.561	20A
B.1.562	20A
B.1.563	20A
B.1.564	20C
B.1.564.1	20C
B.1.565	20A
B.1.566	20C
B.1.567	20C
B.1.568	20C
B.1.569	20C
B.1.570	20C
B.1.571	20C
B.1.572	20C
B.1.573	20C
B.1.574	20C
B.1.575	20A
B.1.575.1	20A
B.1.575.2	20A
B.1.576	20C
B.1.577	20C
B.1.578	20C
B.1.579	20C
B.1.580	20C
B.1.581	20C
B.1.582	20C
B.1.585	20C
B.1.586	20C
B.1.587	20C
B.1.588	20C
B.1.588.1	20C
B.1.589	20C
B.1.590	20C
B.1.591	20C
B.1.592	20C
B.1.593	20C
B.1.594	20C
B.1.595	20C
B.1.595.1	20C
B.1.595.2	20C
B.1.595.3	20C
B.1.595.4	20C
B.1.596	20C
B.1.596.1	20C
B.1.597	20C
B.1.598	20C
B.1.599	20C
B.1.6	20A
B.1.600	20A
B.1.601	20C
B.1.602	20A
B.1.603	20C
B.1.604	20C
B.1.605	20C
B.1.606	20C
B.1.607	20C
B.1.609	20A
B.1.610	20A
B.1.611	20C
B.1.612	20C
B.1.613	20C
B.1.614	20C
B.1.615	20C
B.1.616	20C
B.1.617	20A
B.1.617.1	21B
B.1.617.2	21A
B.1.617.3	20A
B.1.618	20A
B.1.619	20A
B.1.619.1	20A
B.1.620	20A
B.1.621	21H
B.1.621.1	21H
B.1.621.2	21H
B.1.622	20A
B.1.623	20A
B.1.625	20A
B.1.626	20A
B.1.627	20A
B.1.629	20A
B.1.630	20C
B.1.631	20A
B.1.632	20C
B.1.633	20A
B.1.634	20A
B.1.635	20A
B.1.636	20A
B.1.637	20C
B.1.637.1	20C
B.1.638	20C
B.1.639	20A
B.1.640.1	20A
B.1.640.2	20A
B.1.641	20C
B.1.67	20A
B.1.69	20A
B.1.70	20A
B.1.76	20A
B.1.77	20A
B.1.78	20A
B.1.8	20A
B.1.81	20A
B.1.83	20A
B.1.84	20A
B.1.9	20A
B.1.9.1	20A
B.1.9.2	20A
B.1.9.3	20A
B.1.9.4	20A
B.1.9.5	20A
B.1.91	20A
B.1.93	20A
B.1.94	20A
B.1.96	20A
B.1.97	20A
B.10	19A
B.11	19A
B.12	19A
B.13	19A
B.15	19A
B.18	19A
B.19	19A
B.20	19A
B.23	19A
B.26	19A
B.27	19A
B.28	19A
B.29	19A
B.3	19A
B.3.1	19A
B.30	19A
B.31	19A
B.32	19A
B.33	19A
B.34	19A
B.35	19A
B.36	19A
B.37	19A
B.38	19A
B.39	19A
B.4	19A
B.4.1	19A
B.4.2	19A
B.4.4	19A
B.4.5	19A
B.4.6	19A
B.4.7	19A
B.4.8	19A
B.40	19A
B.41	19A
B.42	19A
B.43	19A
B.44	19A
B.45	19A
B.46	19A
B.47	19A
B.49	19A
B.5	19A
B.50	19A
B.51	19A
B.52	19A
B.53	19A
B.55	19A
B.56	19A
B.57	19A
B.58	19A
B.6	19A
B.6.1	19A
B.6.2	19A
B.6.3	19A
B.6.4	19A
B.6.5	19A
B.6.6	19A
B.6.8	19A
B.60	19A
B.61	19A
BA.1	21K
BA.1.1	21K
BA.1.1.1	21K
BA.1.1.10	21K
BA.1.1.11	21K
BA.1.1.12	21K
BA.1.1.13	21K
BA.1.1.14	21K
BA.1.1.15	21K
BA.1.1.16	21K
BA.1.1.17	21K
BA.1.1.18	21K
BA.1.1.2	21K
BA.1.1.3	21K
BA.1.1.4	21K
BA.1.1.5	21K
BA.1.1.6	21K
BA.1.1.7	21K
BA.1.1.8	21K
BA.1.1.9	21K
BA.1.10	21K
BA.1.12	21K
BA.1.13	21K
BA.1.13.1	21K
BA.1.14	21K
BA.1.14.1	21K
BA.1.14.2	21K
BA.1.15	21K
BA.1.15.1	21K
BA.1.15.2	21K
BA.1.15.3	21K
BA.1.16	21K
BA.1.16.1	21K
BA.1.16.2	21K
BA.1.17	21K
BA.1.17.1	21K
BA.1.17.2	21K
BA.1.18	21K
BA.1.19	21K
BA.1.2	21K
BA.1.20	21K
BA.1.21	21K
BA.1.21.1	21K
BA.1.22	21K
BA.1.23	21K
BA.1.24	21K
BA.1.3	21K
BA.1.4	21K
BA.1.5	21K
BA.1.6	21K
BA.1.7	21K
BA.1.8	21K
BA.1.9	21K
BA.2	21L
BA.2.1	21L
BA.2.10	21L
BA.2.10.1	21L
BA.2.10.2	21L
BA.2.10.3	21L
BA.2.10.4	21L
BA.2.11	21L
BA.2.12	21L
BA.2.12.1	22C
BA.2.12.2	21L
BA.2.13	21L
BA.2.13.1	21L
BA.2.14	21L
BA.2.15	21L
BA.2.16	21L
BA.2.17	21L
BA.2.18	21L
BA.2.19	21L
BA.2.2	21L
BA.2.2.1	21L
BA.2.20	21L
BA.2.21	21L
BA.2.22	21L
BA.2.23	21L
BA.2.23.1	21L
BA.2.24	21L
BA.2.25	21L
BA.2.25.1	21L
BA.2.26	21L
BA.2.27	21L
BA.2.28	21L
BA.2.29	21L
BA.2.3	21L
BA.2.3.1	21L
BA.2.3.10	21L
BA.2.3.11	21L
BA.2.3.12	21L
BA.2.3.13	21L
BA.2.3.14	21L
BA.2.3.15	21L
BA.2.3.16	21L
BA.2.3.17	21L
BA.2.3.18	21L
BA.2.3.19	21L
BA.2.3.2	21L
BA.2.3.20	21L
BA.2.3.21	21L
BA.2.3.22	21L
BA.2.3.4	21L
BA.2.3.5	21L
BA.2.3.6	21L
BA.2.3.7	21L
BA.2.3.8	21L
BA.2.3.9	21L
BA.2.30	21L
BA.2.31	21L
BA.2.31.1	21L
BA.2.32	21L
BA.2.33	21L
BA.2.34	21L
BA.2.35	21L
BA.2.36	21L
BA.2.37	21L
BA.2.38	21L
BA.2.38.1	21L
BA.2.38.2	21L
BA.2.38.3	21L
BA.2.38.4	21L
BA.2.39	21L
BA.2.4	21L
BA.2.40	21L
BA.2.40.1	21L
BA.2.41	21L
BA.2.42	21L
BA.2.43	21L
BA.2.44	21L
BA.2.45	21L
BA.2.46	21L
BA.2.47	21L
BA.2.48	21L
BA.2.49	21L
BA.2.5	21L
BA.2.50	21L
BA.2.51	21L
BA.2.52	21L
BA.2.53	21L
BA.2.54	21L
BA.2.55	21L
BA.2.56	21L
BA.2.56.1	21L
BA.2.57	21L
BA.2.58	21L
BA.2.59	21L
BA.2.6	21L
BA.2.60	21L
BA.2.61	21L
BA.2.62	21L
BA.2.63	21L
BA.2.64	21L
BA.2.65	21L
BA.2.66	21L
BA.2.67	21L
BA.2.68	21L
BA.2.69	21L
BA.2.7	21L
BA.2.70	21L
BA.2.71	21L
BA.2.72	21L
BA.2.73	21L
BA.2.74	21L
BA.2.75	22D
BA.2.75.1	22D
BA.2.75.10	22D
BA.2.75.2	22D
BA.2.75.3	22D
BA.2.75.4	22D
BA.2.75.5	22D
BA.2.75.6	22D
BA.2.75.7	22D
BA.2.75.8	22D
BA.2.75.9	22D
BA.2.76	21L
BA.2.76.1	21L
BA.2.76.2	21L
BA.2.77	21L
BA.2.78	21L
BA.2.79	21L
BA.2.79.1	21L
BA.2.8	21L
BA.2.80	21L
BA.2.81	21L
BA.2.82	21L
BA.2.83	21L
BA.2.85	21L
BA.2.86	23I
BA.2.86.1	23I
BA.2.86.2	23I
BA.2.86.3	23I
BA.2.86.4	23I
BA.2.86.5	23I
BA.2.86.6	23I
BA.2.86.7	23I
BA.2.87	21L
BA.2.87.1	21L
BA.2.9	21L
BA.2.9.1	21L
BA.2.9.2	21L
BA.2.9.3	21L
BA.2.9.4	21L
BA.2.9.5	21L
BA.2.9.6	21L
BA.2.9.7	21L
BA.3	21M
BA.3.1	21M
BA.3.2.1	21M
BA.3.2.2	21M
BA.4	22A
BA.4.1	22A
BA.4.1.1	22A
BA.4.1.10	22A
BA.4.1.11	22A
BA.4.1.2	22A
BA.4.1.3	22A
BA.4.1.4	22A
BA.4.1.5	22A
BA.4.1.6	22A
BA.4.1.7	22A
BA.4.1.8	22A
BA.4.1.9	22A
BA.4.2	22A
BA.4.3	22A
BA.4.4	22A
BA.4.5	22A
BA.4.6	22A
BA.4.6.1	22A
BA.4.6.2	22A
BA.4.6.3	22A
BA.4.6.4	22A
BA.4.6.5	22A
BA.4.7	22A
BA.4.8	22A
BA.5	22B
BA.5.1	22B
BA.5.1.1	22B
BA.5.1.10	22B
BA.5.1.11	22B
BA.5.1.12	22B
BA.5.1.14	22B
BA.5.1.15	22B
BA.5.1.16	22B
BA.5.1.17	22B
BA.5.1.18	22B
BA.5.1.19	22B
BA.5.1.2	22B
BA.5.1.20	22B
BA.5.1.21	22B
BA.5.1.22	22B
BA.5.1.23	22B
BA.5.1.24	22B
BA.5.1.25	22B
BA.5.1.26	22B
BA.5.1.27	22B
BA.5.1.28	22B
BA.5.1.29	22B
BA.5.1.3	22B
BA.5.1.30	22B
BA.5.1.31	22B
BA.5.1.32	22B
BA.5.1.33	22B
BA.5.1.34	22B
BA.5.1.35	22B
BA.5.1.36	22B
BA.5.1.37	22B
BA.5.1.38	22B
BA.5.1.4	22B
BA.5.1.5	22B
BA.5.1.6	22B
BA.5.1.7	22B
BA.5.1.8	22B
BA.5.1.9	22B
BA.5.10	22B
BA.5.10.1	22B
BA.5.11	22B
BA.5.12	22B
BA.5.2	22B
BA.5.2.1	22B
BA.5.2.10	22B
BA.5.2.11	22B
BA.5.2.12	22B
BA.5.2.13	22B
BA.5.2.14	22B
BA.5.2.16	22B
BA.5.2.18	22B
BA.5.2.19	22B
BA.5.2.2	22B
BA.5.2.20	22B
BA.5.2.21	22B
BA.5.2.22	22B
BA.5.2.23	22B
BA.5.2.24	22B
BA.5.2.25	22B
BA.5.2.26	22B
BA.5.2.27	22B
BA.5.2.28	22B
BA.5.2.29	22B
BA.5.2.3	22B
BA.5.2.30	22B
BA.5.2.31	22B
BA.5.2.32	22B
BA.5.2.33	22B
BA.5.2.34	22B
BA.5.2.35	22B
BA.5.2.36	22B
BA.5.2.37	22B
BA.5.2.38	22B
BA.5.2.39	22B
BA.5.2.4	22B
BA.5.2.40	22B
BA.5.2.41	22B
BA.5.2.42	22B
BA.5.2.43	22B
BA.5.2.44	22B
BA.5.2.45	22B
BA.5.2.46	22B
BA.5.2.47	22B
BA.5.2.48	22B
BA.5.2.49	22B
BA.5.2.5	22B
BA.5.2.50	22B
BA.5.2.51	22B
BA.5.2.52	22B
BA.5.2.53	22B
BA.5.2.54	22B
BA.5.2.55	22B
BA.5.2.56	22B
BA.5.2.57	22B
BA.5.2.58	22B
BA.5.2.59	22B
BA.5.2.6	22B
BA.5.2.60	22B
BA.5.2.61	22B
BA.5.2.62	22B
BA.5.2.63	22B
BA.5.2.7	22B
BA.5.2.8	22B
BA.5.2.9	22B
BA.5.3	22B
BA.5.3.1	22B
BA.5.3.2	22B
BA.5.3.3	22B
BA.5.3.4	22B
BA.5.3.5	22B
BA.5.5	22B
BA.5.5.1	22B
BA.5.5.2	22B
BA.5.5.3	22B
BA.5.6	22B
BA.5.6.1	22B
BA.5.6.2	22B
BA.5.6.3	22B
BA.5.6.4	22B
BA.5.7	22B
BA.5.8	22B
BA.5.9	22B
BB.2	21H
BC.1	21K
BC.2	21K
BD.1	21K
BE.1	22B
BE.1.1	22B
BE.1.1.1	22B
BE.1.1.2	22B
BE.1.2	22B
BE.1.2.1	22B
BE.1.3	22B
BE.1.4	22B
BE.1.4.1	22B
BE.1.4.2	22B
BE.1.4.3	22B
BE.1.4.4	22B
BE.10	22B
BE.11	22B
BE.12	22B
BE.13	22B
BE.2	22B
BE.3	22B
BE.4	22B
BE.4.1	22B
BE.4.1.1	22B
BE.4.2	22B
BE.5	22B
BE.6	22B
BE.7	22B
BE.8	22B
BE.9	22B
BF.1	22B
BF.1.1	22B
BF.10	22B
BF.10.1	22B
BF.11	22B
BF.11.1	22B
BF.11.2	22B
BF.11.3	22B
BF.11.4	22B
BF.11.5	22B
BF.12	22B
BF.13	22B
BF.14	22B
BF.15	22B
BF.16	22B
BF.17	22B
BF.18	22B
BF.19	22B
BF.2	22B
BF.20	22B
BF.21	22B
BF.22	22B
BF.23	22B
BF.24	22B
BF.25	22B
BF.26	22B
BF.27	22B
BF.28	22B
BF.29	22B
BF.3	22B
BF.3.1	22B
BF.30	22B
BF.31	22B
BF.31.1	22B
BF.32	22B
BF.33	22B
BF.34	22B
BF.35	22B
BF.36	22B
BF.37	22B
BF.38	22B
BF.38.1	22B
BF.38.2	22B
BF.38.3	22B
BF.39	22B
BF.39.1	22B
BF.4	22B
BF.40	22B
BF.41	22B
BF.41.1	22B
BF.42	22B
BF.5	22B
BF.5.1	22B
BF.5.2	22B
BF.5.3	22B
BF.5.4	22B
BF.5.5	22B
BF.6	22B
BF.7	22B
BF.7.1	22B
BF.7.10	22B
BF.7.11	22B
BF.7.12	22B
BF.7.13	22B
BF.7.13.1	22B
BF.7.13.2	22B
BF.7.14	22B
BF.7.14.1	22B
BF.7.14.2	22B
BF.7.14.3	22B
BF.7.14.4	22B
BF.7.14.5	22B
BF.7.14.6	22B
BF.7.14.7	22B
BF.7.15	22B
BF.7.16	22B
BF.7.16.1	22B
BF.7.17	22B
BF.7.18	22B
BF.7.19	22B
BF.7.19.1	22B
BF.7.2	22B
BF.7.20	22B
BF.7.21	22B
BF.7.22	22B
BF.7.23	22B
BF.7.24	22B
BF.7.26	22B
BF.7.27	22B
BF.7.3	22B
BF.7.4	22B
BF.7.4.1	22B
BF.7.4.2	22B
BF.7.4.3	22B
BF.7.5	22B
BF.7.5.1	22B
BF.7.6	22B
BF.7.7	22B
BF.7.8	22B
BF.7.9	22B
BF.8	22B
BF.9	22B
BG.1	22C
BG.2	22C
BG.3	22C
BG.4	22C
BG.5	22C
BG.6	22C
BG.7	22C
BH.1	21L
BJ.1	21L
BK.1	22B
BL.1	22D
BL.1.1	22D
BL.1.2	22D
BL.1.3	22D
BL.1.4	22D
BL.1.5	22D
BL.2	22D
BL.2.1	22D
BL.3	22D
BL.4	22D
BL.5	22D
BL.6	22D
BM.1	22D
BM.1.1	22D
BM.1.1.1	22D
BM.1.1.2	22D
BM.1.1.3	22D
BM.1.1.4	22D
BM.1.1.5	22D
BM.2	22D
BM.2.1	22D
BM.2.2	22D
BM.2.3	22D
BM.3	22D
BM.4	22D
BM.4.1	22D
BM.4.1.1	22D
BM.5	22D
BM.6	22D
BN.1	22D
BN.1.1	22D
BN.1.1.1	22D
BN.1.10	22D
BN.1.11	22D
BN.1.2	22D
BN.1.2.1	22D
BN.1.2.2	22D
BN.1.2.3	22D
BN.1.2.4	22D
BN.1.2.5	22D
BN.1.2.6	22D
BN.1.2.7	22D
BN.1.2.8	22D
BN.1.3	22D
BN.1.3.1	22D
BN.1.3.10	22D
BN.1.3.11	22D
BN.1.3.12	22D
BN.1.3.13	22D
BN.1.3.2	22D
BN.1.3.3	22D
BN.1.3.4	22D
BN.1.3.5	22D
BN.1.3.6	22D
BN.1.3.7	22D
BN.1.3.8	22D
BN.1.3.9	22D
BN.1.4	22D
BN.1.4.1	22D
BN.1.4.2	22D
BN.1.4.3	22D
BN.1.4.4	22D
BN.1.4.5	22D
BN.1.5	22D
BN.1.5.1	22D
BN.1.5.2	22D
BN.1.6	22D
BN.1.7	22D
BN.1.8	22D
BN.1.9	22D
BN.2	22D
BN.2.1	22D
BN.3	22D
BN.3.1	22D
BN.4	22D
BN.5	22D
BN.6	22D
BP.1	21L
BQ.1	22E
BQ.1.1	22E
BQ.1.1.1	22E
BQ.1.1.10	22E
BQ.1.1.11	22E
BQ.1.1.12	22E
BQ.1.1.13	22E
BQ.1.1.14	22E
BQ.1.1.15	22E
BQ.1.1.16	22E
BQ.1.1.17	22E
BQ.1.1.18	22E
BQ.1.1.19	22E
BQ.1.1.2	22E
BQ.1.1.20	22E
BQ.1.1.21	22E
BQ.1.1.22	22E
BQ.1.1.23	22E
BQ.1.1.24	22E
BQ.1.1.25	22E
BQ.1.1.26	22E
BQ.1.1.27	22E
BQ.1.1.28	22E
BQ.1.1.29	22E
BQ.1.1.3	22E
BQ.1.1.30	22E
BQ.1.1.31	22E
BQ.1.1.32	22E
BQ.1.1.34	22E
BQ.1.1.35	22E
BQ.1.1.36	22E
BQ.1.1.37	22E
BQ.1.1.38	22E
BQ.1.1.39	22E
BQ.1.1.4	22E
BQ.1.1.40	22E
BQ.1.1.41	22E
BQ.1.1.42	22E
BQ.1.1.43	22E
BQ.1.1.44	22E
BQ.1.1.45	22E
BQ.1.1.46	22E
BQ.1.1.47	22E
BQ.1.1.48	22E
BQ.1.1.49	22E
BQ.1.1.5	22E
BQ.1.1.50	22E
BQ.1.1.51	22E
BQ.1.1.52	22E
BQ.1.1.53	22E
BQ.1.1.54	22E
BQ.1.1.55	22E
BQ.1.1.56	22E
BQ.1.1.57	22E
BQ.1.1.58	22E
BQ.1.1.59	22E
BQ.1.1.6	22E
BQ.1.1.60	22E
BQ.1.1.61	22E
BQ.1.1.62	22E
BQ.1.1.63	22E
BQ.1.1.64	22E
BQ.1.1.65	22E
BQ.1.1.66	22E
BQ.1.1.67	22E
BQ.1.1.68	22E
BQ.1.1.69	22E
BQ.1.1.7	22E
BQ.1.1.70	22E
BQ.1.1.71	22E
BQ.1.1.72	22E
BQ.1.1.73	22E
BQ.1.1.74	22E
BQ.1.1.75	22E
BQ.1.1.76	22E
BQ.1.1.77	22E
BQ.1.1.78	22E
BQ.1.1.79	22E
BQ.1.1.8	22E
BQ.1.1.9	22E
BQ.1.10	22E
BQ.1.10.1	22E
BQ.1.10.2	22E
BQ.1.10.3	22E
BQ.1.11	22E
BQ.1.11.1	22E
BQ.1.12	22E
BQ.1.13	22E
BQ.1.13.1	22E
BQ.1.14	22E
BQ.1.15	22E
BQ.1.15.1	22E
BQ.1.15.2	22E
BQ.1.16	22E
BQ.1.17	22E
BQ.1.18	22E
BQ.1.19	22E
BQ.1.2	22E
BQ.1.2.1	22E
BQ.1.2.2	22E
BQ.1.2.3	22E
BQ.1.20	22E
BQ.1.21	22E
BQ.1.22	22E
BQ.1.23	22E
BQ.1.24	22E
BQ.1.25	22E
BQ.1.25.1	22E
BQ.1.26	22E
BQ.1.26.1	22E
BQ.1.26.2	22E
BQ.1.27	22E
BQ.1.28	22E
BQ.1.29	22E
BQ.1.3	22E
BQ.1.3.1	22E
BQ.1.3.2	22E
BQ.1.30	22E
BQ.1.31	22E
BQ.1.32	22E
BQ.1.33	22E
BQ.1.4	22E
BQ.1.5	22E
BQ.1.6	22E
BQ.1.7	22E
BQ.1.8	22E
BQ.1.8.1	22E
BQ.1.8.2	22E
BQ.1.9	22E
BQ.2	22B
BR.1	22D
BR.1.1	22D
BR.1.2	22D
BR.2	22D
BR.2.1	22D
BR.3	22D
BR.4	22D
BR.5	22D
BR.5.1	22D
BS.1	21L
BS.1.1	21L
BS.1.2	21L
BT.1	22B
BT.2	22B
BU.1	22B
BU.2	22B
BU.3	22B
BV.1	22B
BV.2	22B
BW.1	22B
BW.1.1	22B
BW.1.1.1	22B
BW.1.1.2	22B
BW.1.2	22B
BY.1	22D
BY.1.1	22D
BY.1.1.1	22D
BY.1.2	22D
BY.1.2.1	22D
BZ.1	22B
BZ.2	22B
C.1	20D
C.1.1	20D
C.1.2	20D
C.10	20D
C.11	20D
C.12	20D
C.13	20D
C.14	20D
C.16	20D
C.17	20D
C.18	20D
C.19	20D
C.2	20D
C.2.1	20D
C.20	20D
C.21	20D
C.22	20D
C.23	20D
C.25	20D
C.26	20D
C.27	20D
C.28	20D
C.29	20D
C.3	20D
C.30	20D
C.30.1	20D
C.31	20D
C.32	20D
C.33	20D
C.34	20D
C.35	20D
C.36	20D
C.36.1	20D
C.36.2	20D
C.36.3	20D
C.36.3.1	20D
C.37	21G
C.37.1	21G
C.38	20D
C.39	20D
C.4	20D
C.40	20D
C.5	20D
C.6	20D
C.7	20D
C.8	20D
C.9	20D
CA.1	22D
CA.2	22D
CA.3	22D
CA.3.1	22D
CA.4	22D
CA.5	22D
CA.6	22D
CA.7	22D
CB.1	22D
CC.1	22B
CD.1	22B
CD.2	22B
CE.1	22B
CF.1	22B
CG.1	22B
CH.1	22D
CH.1.1	23C
CH.1.1.1	23C
CH.1.1.10	23C
CH.1.1.11	23C
CH.1.1.12	23C
CH.1.1.13	23C
CH.1.1.14	23C
CH.1.1.15	23C
CH.1.1.16	23C
CH.1.1.17	23C
CH.1.1.18	23C
CH.1.1.19	23C
CH.1.1.2	23C
CH.1.1.20	23C
CH.1.1.21	23C
CH.1.1.22	23C
CH.1.1.23	23C
CH.1.1.24	23C
CH.1.1.25	23C
CH.1.1.26	23C
CH.1.1.27	23C
CH.1.1.28	23C
CH.1.1.29	23C
CH.1.1.3	23C
CH.1.1.30	23C
CH.1.1.31	23C
CH.1.1.32	23C
CH.1.1.4	23C
CH.1.1.5	23C
CH.1.1.6	23C
CH.1.1.7	23C
CH.1.1.8	23C
CH.1.1.9	23C
CH.2	22D
CH.3	22D
CH.3.1	22D
CJ.1	22D
CJ.1.1	22D
CJ.1.2	22D
CJ.1.3	22D
CJ.1.3.1	22D
CJ.1.3.2	22D
CK.1	22B
CK.1.1	22B
CK.1.1.1	22B
CK.1.1.2	22B
CK.1.2	22B
CK.1.3	22B
CK.1.4	22B
CK.1.5	22B
CK.2	22B
CK.2.1	22B
CK.2.1.1	22B
CK.3	22B
CL.1	22B
CL.1.1	22B
CL.1.2	22B
CL.1.3	22B
CM.1	21L
CM.10	21L
CM.11	21L
CM.12	21L
CM.2	21L
CM.2.1	21L
CM.3	21L
CM.4	21L
CM.4.1	21L
CM.5	21L
CM.5.1	21L
CM.5.2	21L
CM.6	21L
CM.6.1	21L
CM.7	21L
CM.7.1	21L
CM.7.1.1	21L
CM.8	21L
CM.8.1	21L
CM.8.1.1	21L
CM.8.1.2	21L
CM.8.1.3	21L
CM.8.1.4	21L
CM.8.1.5	21L
CM.9	21L
CN.1	22B
CN.2	22B
CP.1	22B
CP.1.1	22B
CP.1.2	22B
CP.1.3	22B
CP.2	22B
CP.3	22B
CP.4	22B
CP.5	22B
CP.6	22B
CP.7	22B
CP.8	22B
CP.8.1	22B
CQ.1	22B
CQ.1.1	22B
CQ.2	22B
CR.1	22B
CR.1.1	22B
CR.1.2	22B
CR.1.3	22B
CR.2	22B
CS.1	22A
CT.1	22B
CU.1	22B
CV.1	22D
CV.2	22D
CW.1	22E
CY.1	22B
CY.2	22B
CZ.1	22E
CZ.2	22E
D.2	20F
D.3	20B
D.4	20B
D.5	20B
DA.1	22B
DB.1	22B
DB.2	22B
DB.3	22B
DC.1	22A
DD.1	21L
DE.1	22B
DE.2	22B
DF.1	22B
DF.1.1	22B
DG.1	22B
DH.1	22B
DJ.1	22B
DJ.1.1	22B
DJ.1.1.1	22B
DJ.1.2	22B
DJ.1.3	22B
DK.1	22E
DL.1	22B
DM.1	22E
DN.1	22E
DN.1.1	22E
DN.1.1.1	22E
DN.1.1.2	22E
DN.1.1.3	22E
DN.1.1.4	22E
DN.2	22E
DN.3	22E
DN.3.1	22E
DP.1	22E
DQ.1	22B
DR.1	22E
DR.2	22E
DS.1	22D
DS.2	22D
DS.3	22D
DT.1	22E
DT.2	22E
DT.3	22E
DU.1	22E
DV.1	23C
DV.1.1	23C
DV.2	23C
DV.3	23C
DV.3.1	23C
DV.4	23C
DV.5	23C
DV.6	23C
DV.6.1	23C
DV.6.2	23C
DV.7	23C
DV.7.1	23C
DV.7.1.1	23C
DV.7.1.2	23C
DV.7.1.3	23C
DV.7.1.4	23C
DV.7.1.5	23C
DV.7.1.6	23C
DV.7.1.7	23C
DV.7.1.8	23C
DV.7.1.9	23C
DV.7.2	23C
DV.8	23C
DW.1	22B
DY.1	22B
DY.1.1	22B
DY.2	22B
DY.3	22B
DY.4	22B
DZ.1	22B
DZ.2	22B
EA.1	22E
EA.2	22E
EB.1	22B
EC.1	22E
EC.1.1	22E
ED.1	22E
ED.2	22E
ED.3	22E
EE.1	22E
EE.2	22E
EE.3	22E
EE.4	22E
EE.5	22E
EF.1	22E
EF.1.1	22E
EF.1.1.1	22E
EF.1.2	22E
EF.1.3	22E
EF.2	22E
EF.3	22E
EG.1	23D
EG.1.1	23D
EG.1.2	23D
EG.1.3	23D
EG.1.4	23D
EG.1.4.1	23D
EG.1.5	23D
EG.1.6	23D
EG.1.7	23D
EG.1.8	23D
EG.10	23D
EG.10.1	23D
EG.10.1.1	23D
EG.11	23D
EG.12	23D
EG.13	23D
EG.14	23D
EG.2	23D
EG.2.1	23D
EG.2.2	23D
EG.2.3	23D
EG.2.4	23D
EG.2.5	23D
EG.3	23D
EG.4	23D
EG.4.1	23D
EG.4.2	23D
EG.4.3	23D
EG.4.4	23D
EG.4.5	23D
EG.5	23D
EG.5.1	23F
EG.5.1.1	23F
EG.5.1.10	23F
EG.5.1.11	23F
EG.5.1.12	23F
EG.5.1.13	23F
EG.5.1.14	23F
EG.5.1.15	23F
EG.5.1.16	23F
EG.5.1.17	23F
EG.5.1.18	23F
EG.5.1.19	23F
EG.5.1.2	23F
EG.5.1.3	23F
EG.5.1.4	23F
EG.5.1.5	23F
EG.5.1.6	23F
EG.5.1.7	23F
EG.5.1.8	23F
EG.5.1.9	23F
EG.5.2	23D
EG.5.2.1	23D
EG.5.2.2	23D
EG.5.2.3	23D
EG.5.2.4	23D
EG.6	23D
EG.6.1	23D
EG.6.1.1	23D
EG.6.1.2	23D
EG.7	23D
EG.8	23D
EG.9	23D
EG.9.1	23D
EH.1	22E
EJ.1	22D
EJ.2	22D
EJ.3	22D
EK.1	23A
EK.2	23A
EK.2.1	23A
EK.3	23A
EK.4	23A
EL.1	23A
EM.1	23A
EN.1	22E
EN.1.1	22E
EP.1	22D
EP.1.1	22D
EP.1.1.1	22D
EP.2	22D
EQ.1	22B
ER.1	22E
ER.1.1	22E
ES.1	22E
ET.1	22E
EU.1	23A
EU.1.1	23A
EU.1.1.1	23A
EU.1.1.2	23A
EU.1.1.3	23A
EV.1	22E
EW.1	22E
EW.2	22E
EW.3	22E
EY.1	22E
EZ.1	22E
FA.1	22E
FA.2	22E
FB.1	22E
FB.2	22E
FC.1	22E
FD.1	23A
FD.1.1	23A
FD.2	23A
FD.2.1	23A
FD.3	23A
FD.4	23A
FD.4.1	23A
FD.5	23A
FD.5.1	23A
FE.1	22F
FE.1.1	22F
FE.1.1.1	22F
FE.1.1.2	22F
FE.1.1.3	22F
FE.1.1.4	22F
FE.1.1.5	22F
FE.1.2	22F
FF.1	22E
FG.1	23A
FG.2	23A
FG.3	23A
FH.1	23A
FJ.1	23C
FK.1	23C
FK.1.1	23C
FK.1.1.1	23C
FK.1.1.2	23C
FK.1.2	23C
FK.1.2.1	23C
FK.1.2.2	23C
FK.1.3	23C
FK.1.3.1	23C
FK.1.3.2	23C
FK.1.4	23C
FK.1.4.1	23C
FK.1.5	23C
FL.1	23D
FL.1.1	23D
FL.1.1.1	23D
FL.1.2	23D
FL.1.3	23D
FL.1.4	23D
FL.1.5	23D
FL.1.5.1	23D
FL.1.5.2	23D
FL.1.6	23D
FL.1.7	23D
FL.1.8	23D
FL.10	23D
FL.10.1	23D
FL.10.2	23D
FL.10.3	23D
FL.11	23D
FL.12	23D
FL.13	23D
FL.13.1	23D
FL.13.2	23D
FL.13.2.1	23D
FL.13.3	23D
FL.13.3.1	23D
FL.13.4	23D
FL.13.4.1	23D
FL.13.5	23D
FL.14	23D
FL.15	23D
FL.15.1	23D
FL.15.1.1	23D
FL.15.2	23D
FL.15.3	23D
FL.15.4	23D
FL.16	23D
FL.17	23D
FL.17.1	23D
FL.17.2	23D
FL.18	23D
FL.18.1	23D
FL.18.1.1	23D
FL.19	23D
FL.19.1	23D
FL.2	23D
FL.2.1	23D
FL.2.2	23D
FL.2.2.1	23D
FL.2.3	23D
FL.2.3.1	23D
FL.2.4	23D
FL.2.5	23D
FL.2.6	23D
FL.2.7	23D
FL.2.7.1	23D
FL.20	23D
FL.20.1	23D
FL.20.2	23D
FL.21	23D
FL.21.1	23D
FL.21.2	23D
FL.22	23D
FL.23	23D
FL.23.1	23D
FL.23.2	23D
FL.23.2.1	23D
FL.24	23D
FL.24.1	23D
FL.25	23D
FL.26	23D
FL.26.1	23D
FL.27	23D
FL.28	23D
FL.29	23D
FL.3	23D
FL.3.1	23D
FL.3.2	23D
FL.3.3	23D
FL.3.4	23D
FL.30	23D
FL.30.1	23D
FL.31	23D
FL.31.1	23D
FL.32	23D
FL.32.1	23D
FL.33	23D
FL.33.1	23D
FL.34	23D
FL.35	23D
FL.35.1	23D
FL.36	23D
FL.37	23D
FL.38	23D
FL.39	23D
FL.39.1	23D
FL.4	23D
FL.4.1	23D
FL.4.1.1	23D
FL.4.10	23D
FL.4.11	23D
FL.4.2	23D
FL.4.3	23D
FL.4.4	23D
FL.4.5	23D
FL.4.6	23D
FL.4.7	23D
FL.4.8	23D
FL.4.9	23D
FL.40	23D
FL.5	23D
FL.5.1	23D
FL.6	23D
FL.7	23D
FL.8	23D
FL.9	23D
FM.1	22E
FM.2	22E
FN.1	22E
FP.1	22F
FP.2	22F
FP.2.1	22F
FP.2.1.1	22F
FP.2.1.2	22F
FP.3	22F
FP.4	22F
FQ.1	22E
FR.1	22D
FR.1.1	22D
FR.1.2	22D
FR.1.3	22D
FR.1.4	22D
FR.1.5	22D
FR.2	22D
FS.1	23C
FT.1	23A
FT.2	23A
FT.3	23A
FT.3.1	23A
FT.3.1.1	23A
FT.4	23A
FU.1	23B
FU.1.1	23B
FU.1.1.1	23B
FU.2	23B
FU.2.1	23B
FU.3	23B
FU.3.1	23B
FU.4	23B
FU.5	23B
FV.1	21L
FW.1	22F
FW.1.1	22F
FW.1.1.1	22F
FW.2	22F
FW.3	22F
FY.1	22F
FY.1.1	22F
FY.1.2	22F
FY.1.2.1	22F
FY.1.2.2	22F
FY.1.2.3	22F
FY.1.3	22F
FY.1.4	22F
FY.1.4.1	22F
FY.2	22F
FY.2.1	22F
FY.3	22F
FY.3.1	22F
FY.3.2	22F
FY.3.3	22F
FY.4	22F
FY.4.1	22F
FY.4.1.1	22F
FY.4.1.2	22F
FY.4.2	22F
FY.5	22F
FY.5.1	22F
FY.5.1.1	22F
FY.5.2	22F
FY.5.3	22F
FY.5.4	22F
FY.5.5	22F
FY.5.5.1	22F
FY.6	22F
FY.6.1	22F
FY.6.2	22F
FY.7	22F
FY.8	22F
FY.8.1	22F
FY.8.1.1	22F
FY.9	22F
FZ.1	23A
FZ.1.1	23A
FZ.2	23A
G.1	20A
GA.1	22F
GA.10	22F
GA.10.1	22F
GA.2	22F
GA.2.1	22F
GA.2.1.1	22F
GA.3	22F
GA.4	22F
GA.4.1	22F
GA.4.1.1	22F
GA.4.1.2	22F
GA.4.1.3	22F
GA.4.2	22F
GA.4.3	22F
GA.5	22F
GA.6	22F
GA.6.1	22F
GA.7	22F
GA.7.1	22F
GA.7.2	22F
GA.8	22F
GA.8.1	22F
GA.9	22F
GB.1	23A
GB.2	23A
GC.1	23A
GC.2	23A
GD.1	23D
GD.2	23D
GD.3	23D
GE.1	23E
GE.1.1	23E
GE.1.2	23E
GE.1.2.1	23E
GE.1.2.2	23E
GE.1.3	23E
GE.1.4	23E
GE.1.5	23E
GE.1.6	23E
GF.1	23A
GG.1	23A
GH.1	22F
GJ.1	23E
GJ.1.1	23E
GJ.1.2	23E
GJ.1.2.1	23E
GJ.1.2.2	23E
GJ.1.2.3	23E
GJ.1.2.4	23E
GJ.1.2.5	23E
GJ.1.2.6	23E
GJ.1.2.7	23E
GJ.1.2.8	23E
GJ.2	23E
GJ.3	23E
GJ.4	23E
GJ.5	23E
GJ.5.1	23E
GJ.6	23E
GJ.7	23E
GK.1	23G
GK.1.1	23G
GK.1.1.1	23G
GK.1.10	23G
GK.1.10.1	23G
GK.1.11	23G
GK.1.11.1	23G
GK.1.2	23G
GK.1.2.1	23G
GK.1.3	23G
GK.1.4	23G
GK.1.5	23G
GK.1.6	23G
GK.1.6.1	23G
GK.1.7	23G
GK.1.8	23G
GK.1.8.1	23G
GK.1.9	23G
GK.10	23G
GK.11	23G
GK.12	23G
GK.2	23G
GK.2.1	23G
GK.2.1.1	23G
GK.2.2	23G
GK.2.3	23G
GK.2.4	23G
GK.3	23G
GK.3.1	23G
GK.3.2	23G
GK.4	23G
GK.5	23G
GK.5.1	23G
GK.6	23G
GK.7	23G
GK.8	23G
GK.8.1	23G
GK.9	23G
GL.1	recombinant
GL.2	recombinant
GL.3	recombinant
GM.1	23E
GM.2	23E
GM.3	23E
GM.3.1	23E
GN.1	23A
GN.1.1	23A
GN.1.2	23A
GN.1.3	23A
GN.1.4	23A
GN.2	23A
GN.3	23A
GN.4	23A
GN.5	23A
GP.1	23C
GP.2	23C
GP.3	23C
GQ.1	23C
GQ.1.1	23C
GR.1	23A
GS.1	23E
GS.2	23E
GS.3	23E
GS.4	23E
GS.4.1	23E
GS.4.1.1	23E
GS.5	23E
GS.6	23E
GS.7	23E
GS.7.1	23E
GS.8	23E
GT.1	recombinant
GU.1	23A
GV.1	23A
GW.1	22F
GW.1.1	22F
GW.2	22F
GW.3	22F
GW.4	22F
GW.5	22F
GW.5.1	22F
GW.5.1.1	22F
GW.5.2	22F
GW.5.3	22F
GW.5.3.1	22F
GY.1	23B
GY.1.1	23B
GY.1.1.1	23B
GY.2	23B
GY.2.1	23B
GY.3	23B
GY.4	23B
GY.5	23B
GY.6	23B
GY.7	23B
GY.8	23B
GY.9	23B
GZ.1	23E
HA.1	23A
HA.2	23A
HB.1	22F
HC.1	23A
HC.2	23A
HC.3	23A
HC.4	23A
HD.1	23A
HD.1.1	23A
HE.1	22F
HE.2	22F
HF.1	23B
HF.1.1	23B
HF.1.2	23B
HG.1	23E
HG.1.1	23E
HG.2	23E
HG.3	23E
HH.1	23E
HH.1.1	23E
HH.2	23E
HH.2.1	23E
HH.3	23E
HH.4	23E
HH.5	23E
HH.6	23E
HH.7	23E
HH.8	23E
HH.8.1	23E
HJ.1	23A
HK.1	23F
HK.1.2	23F
HK.11	23F
HK.11.1	23F
HK.12	23F
HK.13	23F
HK.13.1	23F
HK.13.2	23F
HK.13.2.1	23F
HK.14	23F
HK.15	23F
HK.16	23F
HK.17	23F
HK.18	23F
HK.19	23F
HK.2	23F
HK.2.1	23F
HK.20	23F
HK.20.1	23F
HK.21	23F
HK.22	23F
HK.23	23F
HK.23.1	23F
HK.23.1.1	23F
HK.24	23F
HK.24.1	23F
HK.25	23F
HK.26	23F
HK.26.1	23F
HK.27	23F
HK.27.1	23F
HK.27.1.1	23F
HK.28	23F
HK.29	23F
HK.3	23H
HK.3.1	23H
HK.3.10	23H
HK.3.11	23H
HK.3.12	23H
HK.3.13	23H
HK.3.14	23H
HK.3.2	23H
HK.3.2.1	23H
HK.3.2.2	23H
HK.3.3	23H
HK.3.4	23H
HK.3.5	23H
HK.3.6	23H
HK.3.7	23H
HK.3.8	23H
HK.3.9	23H
HK.30	23F
HK.31	23F
HK.32	23F
HK.33	23F
HK.34	23F
HK.34.1	23F
HK.4	23F
HK.5	23F
HK.6	23F
HK.7	23F
HK.8	23F
HK.8.1	23F
HK.9	23F
HL.1	22F
HL.2	22F
HM.1	23A
HN.1	23D
HN.2	23D
HN.2.1	23D
HN.3	23D
HN.3.1	23D
HN.4	23D
HN.4.1	23D
HN.4.1.1	23D
HN.4.2	23D
HN.5	23D
HN.6	23D
HN.7	23D
HN.8	23D
HP.1	23A
HP.1.1	23A
HQ.1	23A
HR.1	23A
HR.1.1	23A
HS.1	23A
HS.1.1	23A
HT.1	23A
HT.2	23A
HU.1	22F
HU.1.1	22F
HU.2	22F
HV.1	23F
HV.1.1	23F
HV.1.10	23F
HV.1.11	23F
HV.1.2	23F
HV.1.3	23F
HV.1.4	23F
HV.1.5	23F
HV.1.6	23F
HV.1.6.1	23F
HV.1.7	23F
HV.1.8	23F
HV.1.9	23F
HV.2	23F
HW.1	recombinant
HW.1.1	recombinant
HW.1.2	recombinant
HW.1.3	recombinant
HY.1	23A
HZ.1	23A
HZ.2	23A
HZ.3	23A
JA.1	23E
JB.1	23A
JB.1.1	23A
JB.2	23A
JB.2.1	23A
JC.1	22F
JC.2	22F
JC.3	22F
JC.4	22F
JC.5	22F
JC.5.1	22F
JC.6	22F
JD.1	23A
JD.1.1	23A
JD.1.1.1	23A
JD.1.1.2	23A
JD.1.1.3	23A
JD.1.1.4	23A
JD.1.1.5	23A
JD.1.1.6	23A
JD.1.1.7	23A
JD.1.1.8	23A
JD.1.2	23A
JD.1.2.1	23A
JD.1.2.2	23A
JD.2	23A
JD.2.1	23A
JE.1	23E
JE.1.1	23E
JE.1.1.1	23E
JF.1	23B
JF.1.1	23B
JF.1.1.1	23B
JF.1.1.2	23B
JF.2	23B
JF.3	23B
JF.4	23B
JG.1	23F
JG.2	23F
JG.3	23F
JG.3.1	23F
JG.3.2	23F
JG.3.3	23F
JG.3.4	23F
JG.4	23F
JH.1	22E
JH.2	22E
JJ.1	23F
JK.1	23A
JL.1	23C
JM.1	23B
JM.2	23B
JN.1	24A
JN.1.1	24A
JN.1.1.1	24A
JN.1.1.10	24A
JN.1.1.2	24A
JN.1.1.3	24A
JN.1.1.4	24A
JN.1.1.5	24A
JN.1.1.6	24A
JN.1.1.7	24A
JN.1.1.8	24A
JN.1.1.9	24A
JN.1.10	24A
JN.1.11	24A
JN.1.11.1	24B
JN.1.11.2	24A
JN.1.12	24A
JN.1.13	24A
JN.1.13.1	24A
JN.1.14	24A
JN.1.15	24A
JN.1.15.1	24A
JN.1.16	24A
JN.1.16.1	24A
JN.1.16.2	24A
JN.1.16.3	24A
JN.1.16.4	24A
JN.1.16.5	24A
JN.1.17	24A
JN.1.18	24A
JN.1.18.1	24A
JN.1.18.2	24A
JN.1.18.3	24A
JN.1.18.4	24A
JN.1.18.5	24A
JN.1.18.6	24A
JN.1.18.7	24A
JN.1.18.8	24A
JN.1.18.9	24A
JN.1.19	24A
JN.1.2	24A
JN.1.2.1	24A
JN.1.20	24A
JN.1.21	24A
JN.1.22	24A
JN.1.23	24A
JN.1.23.1	24A
JN.1.24	24A
JN.1.24.1	24A
JN.1.25	24A
JN.1.25.1	24A
JN.1.26	24A
JN.1.27	24A
JN.1.28	24A
JN.1.28.1	24A
JN.1.29	24A
JN.1.29.1	24A
JN.1.3	24A
JN.1.30	24A
JN.1.30.1	24A
JN.1.31	24A
JN.1.32	24A
JN.1.32.1	24A
JN.1.34	24A
JN.1.35	24A
JN.1.36	24A
JN.1.36.1	24A
JN.1.37	24A
JN.1.38	24A
JN.1.38.1	24A
JN.1.39	24A
JN.1.39.1	24A
JN.1.39.2	24A
JN.1.39.3	24A
JN.1.4	24A
JN.1.4.1	24A
JN.1.4.2	24A
JN.1.4.3	24A
JN.1.4.4	24A
JN.1.4.5	24A
JN.1.4.6	24A
JN.1.4.7	24A
JN.1.4.8	24A
JN.1.4.9	24A
JN.1.40	24A
JN.1.41	24A
JN.1.42	24A
JN.1.42.1	24A
JN.1.42.2	24A
JN.1.43	24A
JN.1.43.1	24A
JN.1.44	24A
JN.1.44.1	24A
JN.1.45	24A
JN.1.46	24A
JN.1.47	24A
JN.1.47.1	24A
JN.1.47.2	24A
JN.1.48	24A
JN.1.48.1	24A
JN.1.48.2	24A
JN.1.48.3	24A
JN.1.49	24A
JN.1.49.1	24A
JN.1.49.2	24A
JN.1.5	24A
JN.1.50	24A
JN.1.50.1	24A
JN.1.50.2	24A
JN.1.51	24A
JN.1.51.1	24A
JN.1.52	24A
JN.1.53	24A
JN.1.53.1	24A
JN.1.54	24A
JN.1.54.1	24A
JN.1.55	24A
JN.1.55.1	24A
JN.1.55.2	24A
JN.1.56	24A
JN.1.56.1	24A
JN.1.57	24A
JN.1.57.1	24A
JN.1.58	24A
JN.1.58.1	24A
JN.1.58.2	24A
JN.1.58.3	24A
JN.1.59	24A
JN.1.59.1	24A
JN.1.6	24A
JN.1.6.1	24A
JN.1.60	24A
JN.1.61	24A
JN.1.62	24A
JN.1.63	24A
JN.1.63.1	24A
JN.1.64	24A
JN.1.64.1	24A
JN.1.65	24A
JN.1.65.1	24A
JN.1.66	24A
JN.1.67	24A
JN.1.67.1	24A
JN.1.68	24A
JN.1.68.1	24A
JN.1.69	24A
JN.1.7	24A
JN.1.7.1	24A
JN.1.7.2	24A
JN.1.7.3	24A
JN.1.7.4	24A
JN.1.7.5	24A
JN.1.7.6	24A
JN.1.7.7	24A
JN.1.7.8	24A
JN.1.7.9	24A
JN.1.8	24A
JN.1.8.1	24A
JN.1.8.2	24A
JN.1.8.3	24A
JN.1.8.4	24A
JN.1.9	24A
JN.1.9.1	24A
JN.1.9.2	24A
JN.10	23I
JN.11	23I
JN.11.1	23I
JN.12	23I
JN.13	23I
JN.13.1	23I
JN.14	23I
JN.15	23I
JN.16	23I
JN.17	23I
JN.18	23I
JN.19	23I
JN.2	23I
JN.2.1	23I
JN.2.2	23I
JN.2.2.1	23I
JN.2.3	23I
JN.2.4	23I
JN.2.5	23I
JN.3	23I
JN.3.1	23I
JN.3.2	23I
JN.3.2.1	23I
JN.3.3	23I
JN.4	23I
JN.5	23I
JN.5.1	23I
JN.6	23I
JN.7	23I
JN.8	23I
JN.9	23I
JP.1	23C
JP.1.1	23C
JQ.1	23I
JQ.2	23I
JQ.2.1	23I
JQ.2.1.1	23I
JQ.2.1.2	23I
JR.1	23F
JR.1.1	23F
JR.1.1.1	23F
JS.1	23E
JS.2	23E
JT.1	recombinant
JU.1	23E
JV.1	23C
JV.2	23C
JW.1	22F
JW.1.1	22F
JY.1	23E
JY.1.1	23E
JZ.1	23A
K.1	20B
K.2	20B
K.3	20B
KA.1	23A
KB.1	23F
KB.2	23F
KB.3	23F
KB.4	23F
KC.1	23D
KC.1.1	23D
KD.1	recombinant
KD.2	recombinant
KD.3	recombinant
KD.4	recombinant
KE.1	22F
KE.2	22F
KE.3	22F
KF.1	23D
KF.2	23D
KG.1	23C
KG.2	23C
KH.1	23E
KJ.1	23B
KK.1	23A
KK.2	23A
KL.1	23F
KL.1.1	23F
KM.1	23A
KN.1	23G
KN.1.1	23G
KP.1	24B
KP.1.1	24B
KP.1.1.1	24B
KP.1.1.2	24B
KP.1.1.3	24B
KP.1.1.4	24B
KP.1.1.5	24B
KP.1.1.6	24B
KP.1.2	24B
KP.2	24B
KP.2.1	24B
KP.2.10	24B
KP.2.11	24B
KP.2.12	24B
KP.2.13	24B
KP.2.14	24B
KP.2.14.1	24B
KP.2.14.2	24B
KP.2.15	24B
KP.2.15.1	24B
KP.2.16	24B
KP.2.17	24B
KP.2.18	24B
KP.2.19	24B
KP.2.2	24B
KP.2.2.1	24B
KP.2.2.2	24B
KP.2.20	24B
KP.2.20.1	24B
KP.2.22	24B
KP.2.23	24B
KP.2.24	24B
KP.2.25	24B
KP.2.25.1	24B
KP.2.25.2	24B
KP.2.25.3	24B
KP.2.26	24B
KP.2.27	24B
KP.2.28	24B
KP.2.28.1	24B
KP.2.3	24G
KP.2.3.1	24G
KP.2.3.10	24G
KP.2.3.11	24G
KP.2.3.12	24G
KP.2.3.13	24G
KP.2.3.14	24G
KP.2.3.15	24G
KP.2.3.2	24G
KP.2.3.3	24G
KP.2.3.4	24G
KP.2.3.5	24G
KP.2.3.6	24G
KP.2.3.7	24G
KP.2.3.8	24G
KP.2.3.9	24G
KP.2.4	24B
KP.2.5	24B
KP.2.6	24B
KP.2.6.1	24B
KP.2.6.2	24B
KP.2.6.3	24B
KP.2.6.4	24B
KP.2.7	24B
KP.2.8	24B
KP.2.9	24B
KP.3	24C
KP.3.1	24C
KP.3.1.1	24E
KP.3.1.10	24C
KP.3.1.11	24C
KP.3.1.12	24C
KP.3.1.2	24C
KP.3.1.3	24C
KP.3.1.4	24C
KP.3.1.5	24C
KP.3.1.6	24C
KP.3.1.7	24C
KP.3.1.8	24C
KP.3.1.9	24C
KP.3.2	24C
KP.3.2.1	24C
KP.3.2.2	24C
KP.3.2.3	24C
KP.3.2.4	24C
KP.3.2.5	24C
KP.3.2.6	24C
KP.3.2.7	24C
KP.3.2.8	24C
KP.3.2.9	24C
KP.3.3	24C
KP.3.3.1	24C
KP.3.3.10	24C
KP.3.3.2	24C
KP.3.3.3	24C
KP.3.3.4	24C
KP.3.3.5	24C
KP.3.3.6	24C
KP.3.3.7	24C
KP.3.3.8	24C
KP.3.3.9	24C
KP.3.4	24C
KP.3.4.1	24C
KP.3.5	24C
KP.3.6	24C
KP.3.7	24C
KP.4	24B
KP.4.1	24B
KP.4.1.1	24B
KP.4.1.2	24B
KP.4.1.3	24B
KP.4.2	24B
KP.4.2.1	24B
KP.4.2.2	24B
KP.4.2.3	24B
KP.4.2.4	24B
KP.4.2.5	24B
KP.4.2.6	24B
KP.5	24B
KP.6	24B
KQ.1	24A
KR.1	24A
KR.1.1	24A
KR.1.2	24A
KR.1.3	24A
KR.1.4	24A
KR.3	24A
KR.4	24A
KR.4.1	24A
KR.5	24A
KS.1	24A
KS.1.1	24A
KS.1.1.1	24A
KS.1.1.2	24A
KS.1.1.3	24A
KS.1.2	24A
KS.1.3	24A
KS.1.5	24A
KS.2	24A
KT.1	23E
KT.1.1	23E
KT.1.2	23E
KU.1	24A
KU.2	24A
KU.2.1	24A
KU.2.2	24A
KV.1	24A
KV.2	24A
KW.1	24A
KW.1.1	24A
KW.1.1.1	24A
KW.1.2	24A
KY.1	24A
KZ.1	24A
KZ.1.1	24A
KZ.1.1.1	24A
L.1	20B
L.2	20B
L.3	20B
L.4	20B
LA.1	24A
LA.2	24A
LB.1	24A
LB.1.1	24A
LB.1.10	24A
LB.1.2	24A
LB.1.2.1	24A
LB.1.2.2	24A
LB.1.2.3	24A
LB.1.3	24A
LB.1.3.1	24A
LB.1.3.2	24A
LB.1.3.3	24A
LB.1.3.4	24A
LB.1.3.5	24A
LB.1.4	24A
LB.1.4.1	24A
LB.1.4.3	24A
LB.1.5	24A
LB.1.6	24A
LB.1.7	24A
LB.1.7.1	24A
LB.1.7.2	24A
LB.1.7.3	24A
LB.1.8	24A
LB.1.9	24A
LC.1	24A
LD.1	24A
LD.1.1	24A
LD.2	24A
LE.1	24A
LE.1.1	24A
LE.1.2	24A
LE.1.3	24A
LE.1.3.1	24A
LE.2	24A
LF.1	24A
LF.1.1	24A
LF.1.1.1	24A
LF.10	24A
LF.2	24A
LF.3	24A
LF.3.1.1	24A
LF.3.1.2	24A
LF.4	24A
LF.4.1	24A
LF.5	24A
LF.6	24A
LF.7	24H
LF.7.1	24H
LF.7.1.1	24H
LF.7.1.10	24H
LF.7.1.11	24H
LF.7.1.12	24H
LF.7.1.13	24H
LF.7.1.2	24H
LF.7.1.3	24H
LF.7.1.4	24H
LF.7.1.5	24H
LF.7.1.6	24H
LF.7.1.7	24H
LF.7.1.8	24H
LF.7.1.9	24H
LF.7.10	24H
LF.7.10.1	24H
LF.7.2	24H
LF.7.2.1	24H
LF.7.3	24H
LF.7.3.1	24H
LF.7.3.2	24H
LF.7.3.3	24H
LF.7.3.4	24H
LF.7.3.5	24H
LF.7.3.6	24H
LF.7.4	24H
LF.7.5	24H
LF.7.6	24H
LF.7.6.1	24H
LF.7.6.2	24H
LF.7.7	24H
LF.7.7.1	24H
LF.7.7.2	24H
LF.7.8	24H
LF.7.9	24H
LF.7.9.1	24H
LF.7.9.2	24H
LF.7.9.3	24H
LF.8	24A
LF.8.1	24A
LF.8.1.1	24A
LF.9	24A
LF.9.1	24A
LG.1	24A
LH.1	24A
LH.2	24A
LJ.1	24A
LK.1	24A
LK.2	24A
LK.2.1	24A
LL.1	24A
LM.1	24A
LN.1	24A
LN.1.1	24A
LP.1	24B
LP.1.1	24B
LP.1.2	24B
LP.1.2.1	24B
LP.10	24B
LP.10.1	24B
LP.10.1.1	24B
LP.11	24B
LP.2	24B
LP.3	24B
LP.4	24B
LP.5	24B
LP.6	24B
LP.7	24B
LP.8	24B
LP.8.1	25A
LP.8.1.1	25A
LP.8.1.10	25A
LP.8.1.11	25A
LP.8.1.12	25A
LP.8.1.13	25A
LP.8.1.14	25A
LP.8.1.15	25A
LP.8.1.2	25A
LP.8.1.3	25A
LP.8.1.4	25A
LP.8.1.5	25A
LP.8.1.6	25A
LP.8.1.7	25A
LP.8.1.8	25A
LP.8.1.9	25A
LP.8.2	24B
LP.8.2.1	24B
LP.9	24B
LQ.1	24A
LQ.1.1	24A
LQ.1.1.1	24A
LQ.1.2	24A
LQ.2	24A
LQ.3	24A
LR.1	24A
LR.2	24A
LR.3	24A
LS.1	24A
LS.2	24A
LS.2.1	24A
LS.2.1.1	24A
LT.1	24A
LU.1	24A
LU.2	24A
LU.2.1	24A
LU.2.1.1	24A
LU.2.2	24A
LV.1	23I
LV.2	23I
LW.1	24C
LW.1.1	24C
LW.1.2	24C
LY.1	24A
LY.2	24A
LZ.1	24A
LZ.1.1	24A
LZ.2	24A
LZ.2.1	24A
LZ.2.1.1	24A
LZ.2.1.2	24A
LZ.2.2	24A
LZ.3	24A
LZ.4	24A
LZ.5	24A
M.1	20B
M.2	20B
M.3	20B
MA.1	24A
MA.1.1	24A
MA.1.1.1	24A
MA.1.2	24A
MB.1	24A
MB.1.1	24A
MB.1.1.1	24A
MB.1.1.2	24A
MB.1.1.3	24A
MC.1	24E
MC.1.1	24E
MC.1.1.1	24E
MC.1.2	24E
MC.1.3	24E
MC.1.3.1	24E
MC.1.4	24E
MC.1.4.1	24E
MC.1.5	24E
MC.1.6	24E
MC.1.7	24E
MC.10	24E
MC.10.1	24E
MC.10.1.1	24E
MC.10.1.2	24E
MC.10.1.3	24E
MC.10.1.4	24E
MC.10.1.5	24E
MC.10.1.6	24E
MC.10.1.7	24E
MC.10.1.8	24E
MC.10.2	24E
MC.10.2.1	24E
MC.10.2.2	24E
MC.10.2.3	24E
MC.11	24E
MC.11.1	24E
MC.11.2	24E
MC.11.3	24E
MC.11.3.1	24E
MC.12	24E
MC.13	24E
MC.13.1	24E
MC.13.2	24E
MC.13.2.1	24E
MC.13.2.2	24E
MC.13.2.3	24E
MC.13.2.4	24E
MC.13.3	24E
MC.13.3.1	24E
MC.13.4	24E
MC.14	24E
MC.15	24E
MC.16	24E
MC.17	24E
MC.17.1	24E
MC.18	24E
MC.19	24E
MC.19.1	24E
MC.19.1.1	24E
MC.2	24E
MC.2.1	24E
MC.20	24E
MC.21	24E
MC.21.1	24E
MC.21.2	24E
MC.22	24E
MC.23	24E
MC.24	24E
MC.24.1	24E
MC.24.2	24E
MC.25	24E
MC.26	24E
MC.26.1	24E
MC.27	24E
MC.28	24E
MC.28.1	24E
MC.28.1.1	24E
MC.29	24E
MC.3	24E
MC.30	24E
MC.30.1	24E
MC.30.1.1	24E
MC.31	24E
MC.32	24E
MC.32.1	24E
MC.32.1.1	24E
MC.33	24E
MC.33.1	24E
MC.33.1.1	24E
MC.33.2	24E
MC.35	24E
MC.36	24E
MC.36.1	24E
MC.36.2	24E
MC.37	24E
MC.38	24E
MC.39	24E
MC.4	24E
MC.40	24E
MC.40.1	24E
MC.41	24E
MC.42	24E
MC.43	24E
MC.5	24E
MC.6	24E
MC.6.1	24E
MC.7	24E
MC.8	24E
MC.8.1	24E
MC.9	24E
MC.9.1	24E
MC.9.2	24E
MC.9.3	24E
MD.1	24A
MD.1.1	24A
MD.1.1.1	24A
MD.1.1.2	24A
MD.1.2	24A
MD.2	24A
MD.3	24A
MD.3.1	24A
MD.3.1.1	24A
MD.3.1.2	24A
MD.3.1.3	24A
MD.3.1.4	24A
MD.4	24A
MD.4.1	24A
ME.1	24A
MF.1	24A
MF.2	24A
MG.1	24B
MG.2	24B
MG.3	24B
MG.4	24B
MH.1	24A
MJ.1	24A
MJ.1.1	24A
MJ.2	24A
MJ.2.1	24A
MJ.2.1.1	24A
MK.1	24C
MK.2	24C
MK.3	24C
ML.1	24C
ML.2	24C
MM.1	24C
MM.2	24C
MN.1	24A
MP.1	23I
MP.1.1	23I
MQ.1	24A
MQ.2	24A
MR.1	24C
MR.2	24C
MS.1	24A
MT.1	24A
MT.1.1	24A
MU.1	24B
MU.1.1	24B
MU.2	24B
MU.2.1	24B
MU.2.1.1	24B
MU.3	24B
MU.4	24B
MU.5	24B
MU.6	24B
MV.1	24I
MV.1.1	24I
MV.1.1.1	24I
MV.1.2	24I
MV.1.3	24I
MV.1.4	24I
MV.1.5	24I
MV.1.6	24I
MV.2	24A
MW.1	24G
MY.1	24C
MZ.1	24A
MZ.2	24A
MZ.3	24A
MZ.4	24A
MZ.4.1	24A
MZ.5	24A
N.1	20B
N.10	20B
N.2	20B
N.3	20B
N.4	20B
N.5	20B
N.6	20B
N.7	20B
N.8	20B
N.9	20B
NA.1	24A
NA.1.1	24A
NA.2	24A
NB.1	24D
NB.1.1	24D
NB.1.2	24D
NB.1.2.1	24D
NB.1.3	24D
NB.1.3.1	24D
NB.1.4	24D
NB.1.5	24D
NB.1.6	24D
NB.1.6.1	24D
NB.1.7	24D
NB.1.7.1	24D
NB.1.8	24D
NB.1.8.1	25B
NC.1	24A
NC.1.1	24A
NC.1.2	24A
NC.1.2.1	24A
NC.1.2.2	24A
ND.1	24A
ND.1.1	24A
ND.1.1.1	24A
ND.1.1.2	24A
ND.1.1.3	24A
ND.2	24A
ND.2.1	24A
ND.3	24A
NE.1	24B
NF.1	24A
NF.1.1	24A
NF.1.2	24A
NF.1.3	24A
NF.1.4	24A
NF.1.5	24A
NG.1	24G
NH.1	24B
NH.2	24B
NH.3	24B
NH.4	24B
NJ.1	24A
NK.1	24G
NL.1	24A
NL.1.1	24A
NL.10	24A
NL.11	24A
NL.12	24A
NL.13	24A
NL.14	24A
NL.15	24A
NL.16	24A
NL.16.1	24A
NL.17	24A
NL.18	24A
NL.19	24A
NL.2	24A
NL.2.1	24A
NL.20	24A
NL.21	24A
NL.22	24A
NL.22.1	24A
NL.3	24A
NL.3.1	24A
NL.4	24A
NL.4.1	24A
NL.4.1.1	24A
NL.4.2	24A
NL.5	24A
NL.5.1	24A
NL.5.2	24A
NL.6	24A
NL.6.1	24A
NL.7	24A
NL.8	24A
NL.8.1	24A
NL.9	24A
NM.1	24G
NM.2	24G
NM.3	24G
NN.1	24G
NN.1.1	24G
NN.2	24G
NP.1	24C
NP.2	24C
NQ.1	24C
NR.1	24C
NS.1	24A
NS.1.1	24A
NS.1.2	24A
NS.2	24A
NS.3	24A
NT.1	24H
NT.2	24H
NT.2.1	24H
NT.3	24H
NT.4	24H
NT.5	24H
NU.1	24A
NV.1	24C
NW.1	25A
NW.1.1	25A
NW.1.1.1	25A
NW.1.2	25A
NW.1.3	25A
NW.2	25A
NY.1	25A
NY.10	25A
NY.11	25A
NY.11.1	25A
NY.12	25A
NY.12.1	25A
NY.13	25A
NY.14	25A
NY.15	25A
NY.16	25A
NY.16.1	25A
NY.16.2	25A
NY.17	25A
NY.17.1	25A
NY.17.2	25A
NY.18	25A
NY.18.1	25A
NY.2	25A
NY.3	25A
NY.3.1	25A
NY.3.1.1	25A
NY.3.2	25A
NY.4	25A
NY.4.1	25A
NY.5	25A
NY.6	25A
NY.7	25A
NY.7.1	25A
NY.7.1.1	25A
NY.7.2	25A
NY.8	25A
NY.9	25A
NZ.1	24A
P.1	20J
P.1.1	20J
P.1.10	20J
P.1.10.1	20J
P.1.10.2	20J
P.1.11	20J
P.1.12	20J
P.1.12.1	20J
P.1.13	20J
P.1.14	20J
P.1.15	20J
P.1.16	20J
P.1.17	20J
P.1.17.1	20J
P.1.2	20J
P.1.3	20J
P.1.4	20J
P.1.5	20J
P.1.6	20J
P.1.7	20J
P.1.7.1	20J
P.1.8	20J
P.1.9	20J
P.2	20B
P.3	21E
P.4	20B
P.5	20B
P.6	20B
P.7	20B
PA.1	24E
PA.1.1	24E
PA.1.2	24E
PA.1.3	24E
PA.1.4	24E
PA.2	24E
PA.3	24E
PA.4	24E
PA.4.1	24E
PA.4.2	24E
PB.1	24C
PB.2	24C
PC.1	24H
PC.2	24H
PC.2.1	24H
PC.2.1.1	24H
PC.2.1.2	24H
PC.2.2	24H
PC.2.3	24H
PC.3	24H
PC.3.1	24H
PC.3.2	24H
PC.4	24H
PC.4.1	24H
PC.4.1.1	24H
PD.1	25A
PD.1.1	25A
PD.1.2	25A
PD.2	25A
PD.2.1	25A
PD.3	25A
PE.1	24E
PE.1.1	24E
PE.1.3	24E
PE.1.4	24E
PE.1.5	24E
PF.1	25A
PF.2	25A
PF.2.1	25A
PF.2.2	25A
PF.2.2.1	25A
PF.2.3	25A
PF.2.4	25A
PG.1	24C
PG.2	24C
PG.3	24C
PG.4	24C
PG.4.1	24C
PG.5	24C
PG.6	24C
PH.1	24E
PJ.1	24E
PK.1	24A
PK.1.1	24A
PL.1	24H
PL.1.1	24H
PL.2	24H
PM.1	24C
PM.1.1	24C
PM.1.2	24C
PM.2	24C
PM.3	24C
PN.1	24D
PP.1	25A
PP.2	25A
PP.2.1	25A
PQ.1	25B
PQ.1.1	25B
PQ.10	25B
PQ.11	25B
PQ.12	25B
PQ.13	25B
PQ.14	25B
PQ.15	25B
PQ.16	25B
PQ.2	25B
PQ.3	25B
PQ.4	25B
PQ.5	25B
PQ.6	25B
PQ.7	25B
PQ.8	25B
PQ.9	25B
PR.1	25A
PR.2	25A
PR.3	25A
PS.1	24I
PS.2	24I
PT.1	24F
PU.1	24F
PV.1	24H
PV.2	24H
PV.3	24H
PV.3.1	24H
PW.1	24H
PW.2	24H
PY.1	24H
PY.1.1	24H
PY.2	24H
PY.3	24H
PY.4	24H
PY.5	24H
PY.6	24H
PZ.1	24H
Q.1	20I
Q.2	20I
Q.3	20I
Q.4	20I
Q.5	20I
Q.6	20I
Q.7	20I
Q.8	20I
QA.1	24H
QA.2	24H
QA.3	24H
QA.4	24H
QA.5	24H
QA.6	24H
QA.7	24H
QB.1	24H
QC.1	24H
QC.2	24H
QC.3	24H
QC.4	24H
QC.5	24H
R.1	20B
R.2	20B
S.1	20B
U.1	20E
U.2	20E
U.3	20E
V.1	20E
V.2	20E
W.1	20E
W.2	20E
W.3	20E
W.4	20E
XA	recombinant
XAA	recombinant
XAB	recombinant
XAC	recombinant
XAD	recombinant
XAE	recombinant
XAF	recombinant
XAG	recombinant
XAH	recombinant
XAJ	recombinant
XAK	recombinant
XAL	recombinant
XAM	recombinant
XAN	recombinant
XAP	recombinant
XAQ	recombinant
XAR	recombinant
XAS	recombinant
XAT	recombinant
XAU	recombinant
XAV	recombinant
XAW	recombinant
XAY	recombinant
XAY.1	recombinant
XAY.1.1	recombinant
XAY.1.1.1	recombinant
XAY.1.1.2	recombinant
XAY.1.1.3	recombinant
XAY.1.2	recombinant
XAY.2	recombinant
XAY.2.1	recombinant
XAY.2.2	recombinant
XAY.2.3	recombinant
XAY.3	recombinant
XAZ	recombinant
XB	recombinant
XBA	recombinant
XBB	22F
XBB.1	22F
XBB.1.1	22F
XBB.1.10	22F
XBB.1.11	22F
XBB.1.11.1	22F
XBB.1.12	22F
XBB.1.12.1	22F
XBB.1.13	22F
XBB.1.13.1	22F
XBB.1.14	22F
XBB.1.14.1	22F
XBB.1.15	22F
XBB.1.15.1	22F
XBB.1.16	23B
XBB.1.16.1	23B
XBB.1.16.10	23B
XBB.1.16.11	23B
XBB.1.16.12	23B
XBB.1.16.13	23B
XBB.1.16.14	23B
XBB.1.16.15	23B
XBB.1.16.16	23B
XBB.1.16.17	23B
XBB.1.16.18	23B
XBB.1.16.19	23B
XBB.1.16.2	23B
XBB.1.16.20	23B
XBB.1.16.21	23B
XBB.1.16.22	23B
XBB.1.16.23	23B
XBB.1.16.24	23B
XBB.1.16.25	23B
XBB.1.16.26	23B
XBB.1.16.27	23B
XBB.1.16.28	23B
XBB.1.16.29	23B
XBB.1.16.3	23B
XBB.1.16.30	23B
XBB.1.16.31	23B
XBB.1.16.32	23B
XBB.1.16.4	23B
XBB.1.16.5	23B
XBB.1.16.6	23B
XBB.1.16.7	23B
XBB.1.16.8	23B
XBB.1.16.9	23B
XBB.1.17	22F
XBB.1.17.1	22F
XBB.1.17.2	22F
XBB.1.18	22F
XBB.1.18.1	22F
XBB.1.19	22F
XBB.1.19.1	22F
XBB.1.19.2	22F
XBB.1.2	22F
XBB.1.20	22F
XBB.1.21	22F
XBB.1.22	22F
XBB.1.22.1	22F
XBB.1.22.2	22F
XBB.1.22.3	22F
XBB.1.23	22F
XBB.1.24	22F
XBB.1.24.1	22F
XBB.1.24.2	22F
XBB.1.24.3	22F
XBB.1.25	22F
XBB.1.26	22F
XBB.1.27	22F
XBB.1.28	22F
XBB.1.28.1	22F
XBB.1.29	22F
XBB.1.3	22F
XBB.1.30	22F
XBB.1.31	22F
XBB.1.31.1	22F
XBB.1.31.2	22F
XBB.1.32	22F
XBB.1.32.1	22F
XBB.1.33	22F
XBB.1.34	22F
XBB.1.34.1	22F
XBB.1.34.2	22F
XBB.1.35	22F
XBB.1.36	22F
XBB.1.37	22F
XBB.1.37.1	22F
XBB.1.38	22F
XBB.1.38.1	22F
XBB.1.39	22F
XBB.1.4	22F
XBB.1.4.1	22F
XBB.1.4.2	22F
XBB.1.40	22F
XBB.1.41	22F
XBB.1.41.1	22F
XBB.1.41.2	22F
XBB.1.41.3	22F
XBB.1.42	22F
XBB.1.42.1	22F
XBB.1.42.2	22F
XBB.1.43	22F
XBB.1.43.1	22F
XBB.1.44	22F
XBB.1.44.1	22F
XBB.1.45	22F
XBB.1.45.1	22F
XBB.1.46	22F
XBB.1.47	22F
XBB.1.47.1	22F
XBB.1.48	22F
XBB.1.49	22F
XBB.1.5	23A
XBB.1.5.1	23A
XBB.1.5.10	23A
XBB.1.5.100	23A
XBB.1.5.101	23A
XBB.1.5.102	23A
XBB.1.5.103	23A
XBB.1.5.104	23A
XBB.1.5.105	23A
XBB.1.5.106	23A
XBB.1.5.107	23A
XBB.1.5.108	23A
XBB.1.5.109	23A
XBB.1.5.11	23A
XBB.1.5.110	23A
XBB.1.5.12	23A
XBB.1.5.13	23A
XBB.1.5.14	23A
XBB.1.5.15	23A
XBB.1.5.16	23A
XBB.1.5.17	23A
XBB.1.5.18	23A
XBB.1.5.19	23A
XBB.1.5.2	23A
XBB.1.5.20	23A
XBB.1.5.21	23A
XBB.1.5.22	23A
XBB.1.5.23	23A
XBB.1.5.24	23A
XBB.1.5.25	23A
XBB.1.5.26	23A
XBB.1.5.27	23A
XBB.1.5.28	23A
XBB.1.5.29	23A
XBB.1.5.3	23A
XBB.1.5.30	23A
XBB.1.5.31	23A
XBB.1.5.32	23A
XBB.1.5.33	23A
XBB.1.5.34	23A
XBB.1.5.35	23A
XBB.1.5.36	23A
XBB.1.5.37	23A
XBB.1.5.38	23A
XBB.1.5.39	23A
XBB.1.5.4	23A
XBB.1.5.40	23A
XBB.1.5.41	23A
XBB.1.5.42	23A
XBB.1.5.43	23A
XBB.1.5.44	23A
XBB.1.5.45	23A
XBB.1.5.46	23A
XBB.1.5.47	23A
XBB.1.5.48	23A
XBB.1.5.49	23A
XBB.1.5.5	23A
XBB.1.5.50	23A
XBB.1.5.51	23A
XBB.1.5.52	23A
XBB.1.5.53	23A
XBB.1.5.54	23A
XBB.1.5.55	23A
XBB.1.5.56	23A
XBB.1.5.57	23A
XBB.1.5.58	23A
XBB.1.5.59	23A
XBB.1.5.6	23A
XBB.1.5.60	23A
XBB.1.5.61	23A
XBB.1.5.62	23A
XBB.1.5.63	23A
XBB.1.5.64	23A
XBB.1.5.65	23A
XBB.1.5.66	23A
XBB.1.5.67	23A
XBB.1.5.68	23A
XBB.1.5.69	23A
XBB.1.5.7	23A
XBB.1.5.70	23G
XBB.1.5.71	23A
XBB.1.5.72	23A
XBB.1.5.73	23A
XBB.1.5.74	23A
XBB.1.5.75	23A
XBB.1.5.76	23A
XBB.1.5.77	23A
XBB.1.5.78	23A
XBB.1.5.79	23A
XBB.1.5.8	23A
XBB.1.5.80	23A
XBB.1.5.81	23A
XBB.1.5.82	23A
XBB.1.5.83	23A
XBB.1.5.84	23A
XBB.1.5.85	23A
XBB.1.5.86	23A
XBB.1.5.87	23A
XBB.1.5.88	23A
XBB.1.5.89	23A
XBB.1.5.9	23A
XBB.1.5.90	23A
XBB.1.5.91	23A
XBB.1.5.92	23A
XBB.1.5.93	23A
XBB.1.5.94	23A
XBB.1.5.95	23A
XBB.1.5.96	23A
XBB.1.5.97	23A
XBB.1.5.98	23A
XBB.1.5.99	23A
XBB.1.6	22F
XBB.1.7	22F
XBB.1.8	22F
XBB.1.9	23D
XBB.1.9.1	23D
XBB.1.9.2	23D
XBB.1.9.3	23D
XBB.1.9.4	23D
XBB.1.9.5	23D
XBB.1.9.6	23D
XBB.1.9.7	23D
XBB.2	22F
XBB.2.1	22F
XBB.2.10	22F
XBB.2.11	22F
XBB.2.11.1	22F
XBB.2.12	22F
XBB.2.2	22F
XBB.2.3	23E
XBB.2.3.1	23E
XBB.2.3.10	23E
XBB.2.3.11	23E
XBB.2.3.12	23E
XBB.2.3.13	23E
XBB.2.3.14	23E
XBB.2.3.15	23E
XBB.2.3.16	23E
XBB.2.3.17	23E
XBB.2.3.18	23E
XBB.2.3.19	23E
XBB.2.3.2	23E
XBB.2.3.20	23E
XBB.2.3.21	23E
XBB.2.3.22	23E
XBB.2.3.3	23E
XBB.2.3.4	23E
XBB.2.3.5	23E
XBB.2.3.6	23E
XBB.2.3.7	23E
XBB.2.3.8	23E
XBB.2.3.9	23E
XBB.2.4	22F
XBB.2.5	22F
XBB.2.6	22F
XBB.2.6.1	22F
XBB.2.6.2	22F
XBB.2.6.3	22F
XBB.2.7	22F
XBB.2.7.1	22F
XBB.2.8	22F
XBB.2.9	22F
XBB.3	22F
XBB.3.1	22F
XBB.3.2	22F
XBB.3.3	22F
XBB.3.4	22F
XBB.3.5	22F
XBB.4	22F
XBB.4.1	22F
XBB.5	22F
XBB.6	22F
XBB.6.1	22F
XBB.7	22F
XBB.8	22F
XBB.8.1	22F
XBB.8.2	22F
XBB.9	22F
XBC	recombinant
XBC.1	recombinant
XBC.1.1	recombinant
XBC.1.1.1	recombinant
XBC.1.1.2	recombinant
XBC.1.2	recombinant
XBC.1.2.1	recombinant
XBC.1.3	recombinant
XBC.1.3.1	recombinant
XBC.1.4	recombinant
XBC.1.5	recombinant
XBC.1.6	recombinant
XBC.1.6.1	recombinant
XBC.1.6.2	recombinant
XBC.1.6.3	recombinant
XBC.1.6.4	recombinant
XBC.1.6.5	recombinant
XBC.1.6.6	recombinant
XBC.1.7	recombinant
XBC.1.7.1	recombinant
XBC.1.7.2	recombinant
XBC.2	recombinant
XBC.2.1	recombinant
XBD	recombinant
XBE	recombinant
XBF	recombinant
XBF.1	recombinant
XBF.1.1	recombinant
XBF.10	recombinant
XBF.2	recombinant
XBF.3	recombinant
XBF.4	recombinant
XBF.5	recombinant
XBF.6	recombinant
XBF.7	recombinant
XBF.7.1	recombinant
XBF.8	recombinant
XBF.8.1	recombinant
XBF.9	recombinant
XBG	recombinant
XBH	recombinant
XBJ	recombinant
XBJ.1	recombinant
XBJ.1.1	recombinant
XBJ.2	recombinant
XBJ.3	recombinant
XBJ.4	recombinant
XBK	recombinant
XBK.1	recombinant
XBL	recombinant
XBL.1	recombinant
XBL.2	recombinant
XBL.3	recombinant
XBL.3.1	recombinant
XBM	recombinant
XBN	recombinant
XBP	recombinant
XBQ	recombinant
XBR	recombinant
XBS	recombinant
XBT	recombinant
XBU	recombinant
XBV	recombinant
XBW	recombinant
XBY	recombinant
XBZ	recombinant
XC	recombinant
XCA	recombinant
XCB	recombinant
XCC	recombinant
XCD	recombinant
XCE	recombinant
XCF	recombinant
XCF.1	recombinant
XCF.2	recombinant
XCF.3	recombinant
XCG	recombinant
XCH	recombinant
XCH.1	recombinant
XCJ	recombinant
XCK	recombinant
XCL	recombinant
XCM	recombinant
XCN	recombinant
XCP	recombinant
XCQ	recombinant
XCR	recombinant
XCS	recombinant
XCT	recombinant
XCT.1	recombinant
XCU	recombinant
XCV	recombinant
XCW	recombinant
XCY	recombinant
XCZ	recombinant
XD	recombinant
XDA	recombinant
XDA.1	recombinant
XDB	recombinant
XDC	recombinant
XDD	recombinant
XDD.1	recombinant
XDD.1.1	recombinant
XDD.1.1.1	recombinant
XDD.2	recombinant
XDD.3	recombinant
XDE	recombinant
XDF	recombinant
XDG	recombinant
XDH	recombinant
XDJ	recombinant
XDK	recombinant
XDK.1	recombinant
XDK.1.1	recombinant
XDK.1.2	recombinant
XDK.2	recombinant
XDK.3	recombinant
XDK.4	recombinant
XDK.4.1	recombinant
XDK.5	recombinant
XDK.6	recombinant
XDL	recombinant
XDM	recombinant
XDN	recombinant
XDP	recombinant
XDP.1	recombinant
XDP.2	recombinant
XDP.3	recombinant
XDQ	recombinant
XDQ.1	recombinant
XDQ.1.1	recombinant
XDQ.2	recombinant
XDQ.3	recombinant
XDR	recombinant
XDR.1	recombinant
XDR.1.1	recombinant
XDR.1.2	recombinant
XDS	recombinant
XDT	recombinant
XDU	recombinant
XDV	recombinant
XDV.1	24D
XDV.1.1	24D
XDV.1.10	24D
XDV.1.11	24D
XDV.1.12	24D
XDV.1.2	24D
XDV.1.2.1	24D
XDV.1.3	24D
XDV.1.4	24D
XDV.1.5	24D
XDV.1.5.1	24D
XDV.1.6	24D
XDV.1.7	24D
XDV.1.7.1	24D
XDV.1.7.2	24D
XDV.1.7.3	24D
XDV.1.7.4	24D
XDV.1.7.5	24D
XDV.1.8	24D
XDV.1.9	24D
XDV.1.9.1	24D
XDW	recombinant
XDY	recombinant
XDY.1	recombinant
XDY.1.1	recombinant
XDY.10	recombinant
XDY.11	recombinant
XDY.12	recombinant
XDY.12.1	recombinant
XDY.12.1.1	recombinant
XDY.2	recombinant
XDY.3	recombinant
XDY.4	recombinant
XDY.5	recombinant
XDY.5.1	recombinant
XDY.6	recombinant
XDY.7	recombinant
XDY.8	recombinant
XDY.9	recombinant
XDZ	recombinant
XE	recombinant
XEA	recombinant
XEB	recombinant
XEC	24F
XEC.1	24F
XEC.10	24F
XEC.11	24F
XEC.11.1	24F
XEC.11.1.1	24F
XEC.12	24F
XEC.13	24F
XEC.14	24F
XEC.14.1	24F
XEC.14.1.1	24F
XEC.15	24F
XEC.16	24F
XEC.17	24F
XEC.18	24F
XEC.18.1	24F
XEC.18.2	24F
XEC.18.3	24F
XEC.18.4	24F
XEC.19	24F
XEC.2	24F
XEC.2.1	24F
XEC.2.10	24F
XEC.2.2	24F
XEC.2.2.1	24F
XEC.2.3	24F
XEC.2.3.1	24F
XEC.2.4	24F
XEC.2.5	24F
XEC.2.6	24F
XEC.2.7	24F
XEC.2.8	24F
XEC.2.9	24F
XEC.20	24F
XEC.20.1	24F
XEC.21	24F
XEC.22	24F
XEC.23	24F
XEC.23.1	24F
XEC.24	24F
XEC.24.1	24F
XEC.25	24F
XEC.25.1	24F
XEC.25.1.1	24F
XEC.25.1.2	24F
XEC.25.1.3	24F
XEC.26	24F
XEC.27	24F
XEC.27.1	24F
XEC.27.2	24F
XEC.28	24F
XEC.29	24F
XEC.3	24F
XEC.30	24F
XEC.31	24F
XEC.32	24F
XEC.32.1	24F
XEC.32.2	24F
XEC.32.3	24F
XEC.33	24F
XEC.34	24F
XEC.35	24F
XEC.35.1	24F
XEC.36	24F
XEC.37	24F
XEC.38	24F
XEC.39	24F
XEC.4	24F
XEC.4.1	24F
XEC.4.1.1	24F
XEC.4.1.2	24F
XEC.4.1.3	24F
XEC.4.1.4	24F
XEC.4.1.5	24F
XEC.4.1.6	24F
XEC.4.2	24F
XEC.4.3	24F
XEC.4.4	24F
XEC.4.5	24F
XEC.4.5.1	24F
XEC.4.6	24F
XEC.4.6.1	24F
XEC.4.7	24F
XEC.4.8	24F
XEC.4.9	24F
XEC.40	24F
XEC.41	24F
XEC.5	24F
XEC.5.1	24F
XEC.6	24F
XEC.7	24F
XEC.8	24F
XEC.8.1	24F
XEC.9	24F
XED	recombinant
XEE	recombinant
XEF	recombinant
XEF.1	recombinant
XEF.2	recombinant
XEF.3	recombinant
XEG	recombinant
XEH	recombinant
XEJ	recombinant
XEJ.1	recombinant
XEJ.2	recombinant
XEJ.3	recombinant
XEK	recombinant
XEK.1	recombinant
XEK.1.1	recombinant
XEK.1.2	recombinant
XEK.1.2.1	recombinant
XEK.2	recombinant
XEK.2.1	recombinant
XEK.3	recombinant
XEK.4	recombinant
XEK.5	recombinant
XEK.5.1	recombinant
XEK.5.2	recombinant
XEK.6	recombinant
XEK.7	recombinant
XEK.8	recombinant
XEL	recombinant
XEL.1	recombinant
XEL.2	recombinant
XEL.3	recombinant
XEL.4	recombinant
XEL.5	recombinant
XEL.6	recombinant
XEM	recombinant
XEN	recombinant
XEN.1	recombinant
XEN.2	recombinant
XEP	recombinant
XEP.1	recombinant
XEP.1.1	recombinant
XEP.2	recombinant
XEP.3	recombinant
XEQ	recombinant
XER	recombinant
XES	recombinant
XET	recombinant
XEU	recombinant
XEV	recombinant
XEW	recombinant
XEY	recombinant
XEZ	recombinant
XF	recombinant
XFA	recombinant
XFB	recombinant
XFB.1	recombinant
XFB.2	recombinant
XFB.3	recombinant
XFC	recombinant
XFC.1	recombinant
XFC.1.1	recombinant
XFC.1.1.1	recombinant
XFC.1.2	recombinant
XFC.2	recombinant
XFD	recombinant
XFE	recombinant
XFF	recombinant
XFF.1	recombinant
XFG	25C
XFG.1	25C
XFG.2	25C
XFG.3	25C
XFG.3.1	25C
XFG.4	25C
XFG.5	25C
XFG.6	25C
XFG.7	25C
XFH	recombinant
XFH.1	recombinant
XFH.2	recombinant
XFJ	recombinant
XFJ.1	recombinant
XFJ.2	recombinant
XFJ.3	recombinant
XFJ.4	recombinant
XFK	recombinant
XFL	recombinant
XFM	recombinant
XFN	recombinant
XFP	recombinant
XFP.1	recombinant
XG	recombinant
XH	recombinant
XJ	recombinant
XK	recombinant
XL	recombinant
XM	recombinant
XN	recombinant
XP	recombinant
XQ	recombinant
XR	recombinant
XS	recombinant
XT	recombinant
XU	recombinant
XV	recombinant
XW	recombinant
XY	recombinant
XZ	recombinant
Y.1	20E
Z.1	20E
